id	A1	A2	B1	B2	C1	C2	Reads	Objective
04f47d3924584af29fc230474f70ed9a	A*26:01	A*66:01	B*41:02	B*27:05	C*17:01	C*02:02	1975.0	1903.87
065b7b20a9714d289eff785ff3979532	A*02:01	A*03:01	B*07:02	B*27:05	C*01:02	C*07:02	4701.0	4531.764
11e4d2a08dc64ece89c1a400cf5e0a9d	A*02:01	A*01:01	B*51:01	B*51:01	C*02:02	C*02:02	3077.0	3049.307
14572b8bde7c48988539f8df5337f776	A*02:01	A*01:01	B*51:01	B*51:01	C*14:02	C*02:02	1997.0	1925.108
15e69e4afe2b4165b830216ec742f9e8	A*32:01	A*23:01	B*18:01	B*35:03	C*04:01	C*12:03	3401.0	3278.564
19984f38435b4fcc8024370bae59f1fc	A*26:01	A*66:01	B*41:02	B*27:05	C*17:01	C*02:02	3453.0	3328.672
29d2ba0261fa4426bf2cc0d9df25af82	A*24:02	A*01:01	B*07:02	B*08:01	C*07:02	C*07:01	2125.0	2048.5
2d605c3189fc47a7a4d59967075f3799	A*29:02	A*29:02	B*44:03	B*51:01	C*16:01	C*15:02	1929.0	1894.278
2e6d92de2f7440da9e616376a147c68e	A*24:02	A*01:01	B*07:02	B*08:01	C*07:02	C*07:01	3896.0	3755.744
2fd0f78682fc4c0d85f3a3fd53b93645	A*29:02	A*29:02	B*51:01	B*44:03	C*16:01	C*15:02	3072.0	3016.704
41f31e9f603545c1bf8c7bed970707da	A*02:01	A*32:01	B*53:01	B*18:01	C*07:01	C*04:01	2221.0	2101.056
42a2666f754a41d59af5ce74581eac3d	A*01:01	A*11:01	B*50:01	B*35:25	C*04:01	C*06:02	2935.0	2802.915
492e4b0554a543be909d32ea3a8223ff	A*02:01	A*02:01	B*27:02	B*08:01	C*07:01	C*02:02	6085.0	5975.46
4b4781698fb341e0960625512b95ecff	A*02:01	A*24:02	B*07:02	B*15:01	C*07:02	C*03:03	4384.0	4226.176
50416ee62692420caea36f08f908c355	A*02:01	A*02:01	B*27:02	B*08:01	C*07:01	C*02:02	2183.0	2143.696
56f224819b0b42ff92722a2d1f38e7b8	A*03:01	A*03:01	B*07:02	B*07:02	C*07:02	C*07:02	2118.0	2118.0
5b22d535e71b4d04a9b3a8d51e6049cc	A*24:02	A*02:01	B*07:02	B*15:01	C*03:03	C*07:02	2036.0	1962.704
65c272ab8d38462b904283603b252511	A*24:02	A*02:01	B*40:02	B*40:01	C*03:04	C*02:02	3749.0	3614.036
749e056d9b2a48d4be82ecac7f328498	A*01:01	A*03:01	B*35:01	B*38:01	C*12:03	C*04:01	1978.0	1888.99
81e1b193774c4cbfa9246ee99e8f8bcf	A*32:01	A*30:01	B*35:02	B*13:02	C*06:02	C*04:01	1993.0	1903.305
825ce44ad842442581f90eff9d5e897c	A*24:02	A*32:01	B*55:01	B*38:01	C*12:03	C*03:03	1604.0	1531.82
83cb3d52e72c4ee786849fba03d45c6d	A*02:01	A*01:01	B*49:01	B*51:01	C*07:01	C*02:02	3544.0	3384.52
86571f2050fa4a9bb0d57abbda04f200	A*11:01	A*01:01	B*50:01	B*35:25	C*04:01	C*06:02	1971.0	1882.295
87e765c9b4de44a4a561d22365f5885a	A*69:01	A*03:01	B*35:01	B*14:02	C*04:01	C*08:02	2608.0	2490.63
949a7804465b4059b2155849451a56de	A*69:01	A*03:01	B*14:02	B*35:01	C*04:01	C*08:02	2169.0	2071.385
976af08f8e4f4ab280c7c0e08778df4a	A*02:02	A*26:01	B*38:01	B*40:02	C*02:02	C*12:03	3603.0	3440.865
9db827a8acc04219accb28887b49bc34	A*01:01	A*03:01	B*08:01	B*13:02	C*07:01	C*06:02	2155.0	2058.025
9dee3c512e2e44fb8d05a33265830e2d	A*01:01	A*03:01	B*35:01	B*38:01	C*12:03	C*04:01	4504.0	4301.32
9ef020c408684a5e90ffbec62001a72f	A*01:01	A*24:02	B*38:01	B*40:01	C*03:04	C*12:03	6495.0	6261.17
a01c6d02c207434283de99921fafd3a8	A*24:02	A*01:01	B*38:01	B*40:01	C*12:03	C*03:04	2025.0	1952.1
a21c86beb3324af8bd2578ea9415d2c3	A*24:02	A*02:01	B*40:02	B*40:01	C*03:04	C*02:02	2045.0	1971.38
a77139d21e2241048b2fdcefb8c9c55c	A*02:01	A*32:01	B*53:01	B*18:01	C*07:01	C*04:01	2572.0	2456.25
a994cc1b56604ddba0ce2cd7e786cfc8	A*24:02	A*02:01	B*27:02	B*14:02	C*08:02	C*02:02	3256.0	3138.774
ac137187664f496ca6270eed8e78629d	A*24:02	A*02:05	B*50:02	B*50:01	C*06:02	C*06:02	2233.0	2172.699
acbba8d01a6d4930b6c12b44015625ee	A*24:02	A*02:05	B*50:02	B*50:01	C*06:02	C*06:02	1966.0	1912.908
ad1e7c2ce3b54b498b101546688526f1	A*32:01	A*23:01	B*35:03	B*18:01	C*12:03	C*04:01	1976.0	1887.07
ae5b848084184c3b9b7b006f5204c93f	A*32:01	A*30:01	B*35:02	B*13:02	C*06:02	C*04:01	789.0	753.485
b34cc97d9996439b887d547059c5c28f	A*01:01	A*03:01	B*08:01	B*13:02	C*07:01	C*06:02	3408.0	3254.64
b35be15c0e7e472abf1386a783d24d42	A*24:02	A*32:01	B*55:01	B*38:01	C*12:03	C*03:03	1716.0	1669.668
b7784df09aca4eaa9c21ac12385d816a	A*02:01	A*68:01	B*35:03	B*51:01	C*14:02	C*04:01	2030.0	1938.64
c43a3f07fec840568875366dc7ccdb9c	A*24:02	A*30:01	B*57:01	B*52:01	C*12:02	C*06:02	1892.0	1823.878
c6da2e21f5574acd9118e5866147bf63	A*03:01	A*68:01	B*35:01	B*44:02	C*05:01	C*04:01	1992.0	1902.35
cb5a0577237548c387c7323cedc1d0d3	A*26:01	A*02:02	B*38:01	B*40:02	C*12:03	C*02:02	2123.0	2008.358
cdd4327eb8284aa5907aae82992b17c7	A*24:02	A*02:01	B*27:02	B*14:02	C*08:02	C*02:02	2176.0	2097.654
d7b5dc7be5464c44b0634b2ed31f0d70	A*26:01	A*11:01	B*35:01	B*27:05	C*07:02	C*02:02	2815.0	2662.99
dd8bd791bc9e4632a326e61531377627	A*68:01	A*03:01	B*44:02	B*35:01	C*04:01	C*05:01	3371.0	3219.295
f307a3c8260244aeb9a59d82e6407efc	A*02:01	A*01:01	B*49:01	B*51:01	C*07:01	C*02:02	1853.0	1769.615
f3712973822746eb8f844dc8e45c5ddd	A*26:01	A*11:01	B*35:01	B*27:05	C*07:02	C*02:02	3045.0	2880.56
f549d023f5b54657b842919210c0c58d	A*03:01	A*03:01	B*07:02	B*07:02	C*07:02	C*07:02	4340.0	4340.0
f9691ca345654958aa29dfad35652644	A*24:02	A*30:01	B*52:01	B*57:01	C*12:02	C*06:02	3070.0	2959.47
fad31e86c1ec41f3895fddbc7d9226ce	A*02:01	A*68:01	B*35:03	B*51:01	C*04:01	C*14:02	3354.0	3203.06
ffaac7dd973042b1ae868ccff9e21d94	A*02:01	A*03:01	B*07:02	B*27:05	C*07:02	C*01:02	2162.0	2084.168
