alt,chr,gene_id,gene_name,patient_id,ref,start
C,1,ENSG00000184677,ZBTB40,2849,G,22834523.0
A,1,ENSG00000163874,ZC3H12A,2849,G,37949000.0
C,1,ENSG00000086015,MAST2,2849,G,46497998.0
A,1,ENSG00000116791;ENSG00000162623,CRYZ;TYW3,2849,G,75199010.0
G,1,ENSG00000097096,SYDE2,2849,C,85647842.0
C,1,ENSG00000137942,FNBP1L,2849,G,93995308.0
G,1,ENSG00000155363,MOV10,2849,C,113232180.0
G,1,ENSG00000116521,SCAMP3,2849,C,155231891.0
T,1,ENSG00000047410,TPR,2849,C,186294932.0
A,1,ENSG00000047410,TPR,2849,G,186344067.0
C,1,ENSG00000066279,ASPM,2849,G,197098320.0
T,1,ENSG00000069248,NUP133,2849,C,229580715.0
A,10,ENSG00000189180,ZNF33A,2849,C,38344245.0
T,10,ENSG00000243660,ZNF487,2849,C,43978517.0
T,10,ENSG00000155252;ENSG00000249967,PI4K2A,2849,C,99433441.0
T,10,ENSG00000155252;ENSG00000249967,PI4K2A,2849,G,99433446.0
C,10,ENSG00000214435;ENSG00000270316,AS3MT;C10orf32-ASMT,2849,G,104636753.0
G,10,ENSG00000148700,ADD3,2849,A,111876041.0
G,10,ENSG00000169129,AFAP1L2,2849,C,116059113.0
T,10,ENSG00000119965,C10orf88,2849,C,124708352.0
G,10,ENSG00000089876,DHX32,2849,C,127548531.0
T,11,ENSG00000023191,RNH1,2849,C,502114.0
C,11,ENSG00000166436,TRIM66,2849,G,8668044.0
C,11,ENSG00000166478,ZNF143,2849,G,9516218.0
G,11,ENSG00000129173;ENSG00000255308,E2F8;RP11-428C19.4,2849,C,19255986.0
A,11,ENSG00000149100,EIF3M,2849,G,32605464.0
T,11,ENSG00000135387,CAPRIN1,2849,C,34111768.0
T,11,ENSG00000189057,FAM111B,2849,G,58892969.0
A,11,ENSG00000254470,AP5B1,2849,C,65547560.0
A,11,ENSG00000172613,RAD9A,2849,G,67163284.0
C,11,ENSG00000175581,MRPL48,2849,A,73536818.0
G,11,ENSG00000187240,DYNC2H1,2849,T,103182721.0
T,11,ENSG00000118058,KMT2A,2849,G,118362470.0
A,11,ENSG00000186174,BCL9L,2849,G,118769933.0
T,12,ENSG00000008323,PLEKHG6,2849,C,6435654.0
A,12,ENSG00000151490,PTPRO,2849,G,15654697.0
A,12,ENSG00000151491,EPS8,2849,C,15815010.0
G,12,ENSG00000057294,PKP2,2849,C,33021989.0
C,12,ENSG00000129315,CCNT1,2849,G,49087025.0
C,12,ENSG00000166881,TMEM194A,2849,G,57464532.0
T,12,ENSG00000135439;ENSG00000255737,AGAP2;AGAP2-AS1,2849,C,58121002.0
T,12,ENSG00000139263,LRIG3,2849,C,59280638.0
C,12,ENSG00000051825,MPHOSPH9,2849,G,123705965.0
C,13,ENSG00000172766,NAA16,2849,G,41947823.0
T,13,ENSG00000126226,PCID2,2849,C,113835542.0
A,14,ENSG00000092010,PSME1,2849,G,24606974.0
C,14,ENSG00000054654,SYNE2,2849,G,64548265.0
G,14,ENSG00000183576,SETD3,2849,C,99865216.0
C,14,ENSG00000179364,PACS2,2849,G,105818742.0
T,15,ENSG00000103966,EHD4,2849,C,42192914.0
A,15,ENSG00000103966,EHD4,2849,C,42193278.0
A,15,ENSG00000166963,MAP1A,2849,G,43814662.0
T,15,ENSG00000173546,CSPG4,2849,C,75977957.0
A,15,ENSG00000140443;ENSG00000259475,IGF1R;RP11-654A16.3,2849,G,99500332.0
T,16,ENSG00000008710,PKD1,2849,C,2160559.0
G,16,ENSG00000167969,ECI1,2849,C,2289994.0
T,16,ENSG00000182831,C16orf72,2849,C,9186017.0
C,16,ENSG00000168488,ATXN2L,2849,G,28841315.0
A,16,ENSG00000149930,TAOK2,2849,G,30002762.0
A,16,ENSG00000156860,FBRS,2849,G,30680488.0
A,16,ENSG00000103510,KAT8,2849,G,31131686.0
A,16,ENSG00000103510,KAT8,2849,G,31131815.0
C,16,ENSG00000102910,LONP2,2849,G,48290578.0
C,16,ENSG00000177200,CHD9,2849,G,53288427.0
A,16,ENSG00000140853,NLRC5,2849,G,57095594.0
T,16,ENSG00000102908,NFAT5,2849,C,69726412.0
T,16,ENSG00000102908,NFAT5,2849,C,69726417.0
T,16,ENSG00000102908,NFAT5,2849,C,69726520.0
G,16,ENSG00000102908,NFAT5,2849,C,69727047.0
G,16,ENSG00000102908,NFAT5,2849,C,69727179.0
T,16,ENSG00000102908,NFAT5,2849,C,69727410.0
T,16,ENSG00000102908,NFAT5,2849,C,69727516.0
T,16,ENSG00000102908,NFAT5,2849,C,69727902.0
T,16,ENSG00000102908,NFAT5,2849,C,69727927.0
T,17,ENSG00000197417;ENSG00000262304,SHPK,2849,C,3527444.0
A,17,ENSG00000132522;ENSG00000261915,GPS2;RP11-542C16.2,2849,G,7216947.0
G,17,ENSG00000133026,MYH10,2849,C,8439159.0
T,17,ENSG00000166750,SLFN5,2849,C,33591861.0
T,17,ENSG00000108292,MLLT6,2849,C,36876735.0
G,17,ENSG00000198909,MAP3K3,2849,A,61759135.0
G,17,ENSG00000182173,TSEN54,2849,C,73517905.0
A,17,ENSG00000176108,CHMP6,2849,G,78968453.0
C,18,ENSG00000168502,SOGA2,2849,G,8825631.0
T,18,ENSG00000167306;ENSG00000267322,MYO5B;SCARNA17,2849,G,47364097.0
T,18,ENSG00000141664,ZCCHC2,2849,C,60223497.0
C,18,ENSG00000176225,RTTN,2849,G,67857841.0
A,19,ENSG00000141994,DUS3L,2849,G,5790282.0
T,19,ENSG00000076826,CAMSAP3,2849,C,7680548.0
G,19,ENSG00000076826,CAMSAP3,2849,C,7682871.0
C,19,ENSG00000079805,DNM2,2849,G,10897318.0
T,19,ENSG00000160113;ENSG00000269095,AC010646.3;NR2F6,2849,C,17355951.0
A,19,ENSG00000197372,ZNF675,2849,G,23837265.0
C,19,ENSG00000213967;ENSG00000269289,CTB-92J24.3;ZNF726,2849,G,24116348.0
G,19,ENSG00000105429,MEGF8,2849,C,42866612.0
G,19,ENSG00000007047,MARK4,2849,A,45783900.0
A,19,ENSG00000183207,RUVBL2,2849,G,49510391.0
T,19,ENSG00000131037,EPS8L1,2849,C,55593493.0
C,19,ENSG00000083812,ZNF324,2849,G,58980592.0
A,2,ENSG00000068697,LAPTM4A,2849,C,20237102.0
T,2,ENSG00000084693,AGBL5,2849,C,27277649.0
T,2,ENSG00000021574,SPAST,2849,C,32339806.0
G,2,ENSG00000135976,ANKRD36,2849,C,97867945.0
C,2,ENSG00000116044,NFE2L2,2849,G,178095740.0
T,2,ENSG00000155657;ENSG00000237298,TTN;TTN-AS1,2849,C,179424238.0
T,2,ENSG00000155657;ENSG00000237298,TTN;TTN-AS1,2849,C,179425415.0
A,2,ENSG00000155657;ENSG00000237298,TTN;TTN-AS1,2849,C,179425427.0
G,2,ENSG00000155657;ENSG00000237298,TTN;TTN-AS1,2849,C,179425742.0
G,2,ENSG00000155657;ENSG00000237298;ENSG00000270574,RP11-171I2.2;TTN;TTN-AS1,2849,C,179444825.0
A,2,ENSG00000082146;ENSG00000115993,STRADB;TRAK2,2849,G,202264102.0
A,2,ENSG00000204186,ZDBF2,2849,G,207176111.0
G,2,ENSG00000114923,SLC4A3,2849,C,220497058.0
C,2,ENSG00000196811,CHRNG,2849,G,233407674.0
C,20,ENSG00000149639,SOGA1,2849,G,35421980.0
G,21,ENSG00000142207,URB1,2849,C,33705704.0
T,21,ENSG00000159110;ENSG00000249624,AP000295.9;IFNAR2,2849,G,34635190.0
T,21,ENSG00000157551,KCNJ15,2849,C,39671868.0
G,21,ENSG00000157578;ENSG00000182093,LCA5L;WRB,2849,C,40778259.0
C,21,ENSG00000173276,ZBTB21,2849,G,43411261.0
C,22,ENSG00000100320,RBFOX2,2849,G,36424440.0
T,22,ENSG00000100116,GCAT,2849,C,38211173.0
A,22,ENSG00000130487,KLHDC7B,2849,G,50987181.0
T,3,ENSG00000129810,SGOL1,2849,C,20212211.0
A,3,ENSG00000163808,KIF15,2849,G,44835726.0
C,3,ENSG00000181555,SETD2,2849,G,47163667.0
C,3,ENSG00000164050,PLXNB1,2849,G,48460750.0
A,3,ENSG00000163947;ENSG00000186451,ARHGEF3;SPATA12,2849,G,57107795.0
T,3,ENSG00000173230,GOLGB1,2849,C,121433719.0
G,3,ENSG00000196455,PIK3R4,2849,C,130403191.0
T,3,ENSG00000051382,PIK3CB,2849,G,138375113.0
C,3,ENSG00000175054,ATR,2849,G,142176552.0
C,3,ENSG00000171109,MFN1,2849,G,179103364.0
A,3,ENSG00000163872,YEATS2,2849,G,183439694.0
A,4,ENSG00000004468,CD38,2849,G,15841722.0
A,4,ENSG00000038210,PI4K2B,2849,C,25235870.0
A,4,ENSG00000138674,SEC31A,2849,C,83782804.0
C,4,ENSG00000163625,WDFY3,2849,G,85717768.0
G,4,ENSG00000168785,TSPAN5,2849,C,99407943.0
A,5,ENSG00000134982;ENSG00000258864,APC;CTC-554D6.1,2849,G,112174228.0
C,5,ENSG00000120328,PCDHB12,2849,G,140588642.0
A,5,ENSG00000081853;ENSG00000204956,PCDHGA1;PCDHGA2,2849,G,140719496.0
G,5,ENSG00000082516,GEMIN5,2849,C,154271285.0
C,5,ENSG00000169258,GPRIN1,2849,G,176025130.0
T,5,ENSG00000178338,ZNF354B,2849,C,178310819.0
T,6,ENSG00000096696,DSP,2849,C,7579803.0
T,6,ENSG00000096696,DSP,2849,C,7580249.0
C,6,ENSG00000239264;ENSG00000259040,BLOC1S5-TXNDC5;TXNDC5,2849,G,7899902.0
C,6,ENSG00000198327,HIST1H4F,2849,G,26240897.0
T,6,ENSG00000204344,STK19,2849,A,31947238.0
C,6,ENSG00000188112,C6orf132,2849,G,42074001.0
C,6,ENSG00000171467,ZNF318,2849,G,43307762.0
G,6,ENSG00000171453,POLR1C,2849,C,43488478.0
A,6,ENSG00000170734,POLH,2849,G,43555016.0
T,6,ENSG00000082269,FAM135A,2849,G,71235104.0
C,6,ENSG00000082269,FAM135A,2849,G,71235566.0
C,6,ENSG00000112159,MDN1,2849,G,90364014.0
A,6,ENSG00000152894,PTPRK,2849,G,128294213.0
G,6,ENSG00000135525,MAP7,2849,T,136681890.0
C,6,ENSG00000112096;ENSG00000146457,SOD2;WTAP,2849,G,160160064.0
T,7,ENSG00000146701,MDH2,2849,C,75695637.0
C,7,ENSG00000080802,CNOT4,2849,G,135078931.0
A,7,ENSG00000133597,ADCK2,2849,G,140380876.0
A,8,ENSG00000154328,NEIL2,2849,G,11640828.0
G,8,ENSG00000023287,RB1CC1,2849,C,53569379.0
G,8,ENSG00000023287,RB1CC1,2849,C,53570288.0
C,8,ENSG00000155099,TMEM55A,2849,G,92008002.0
C,8,ENSG00000178764,ZHX2,2849,G,123964153.0
C,8,ENSG00000181171;ENSG00000214814,FER1L6;FER1L6-AS1,2849,G,125033858.0
C,8,ENSG00000183309,ZNF623,2849,G,144733158.0
A,8,ENSG00000213563,C8orf82,2849,C,145753430.0
T,9,ENSG00000095397,DFNB31,2849,C,117266916.0
A,9,ENSG00000160447,PKN3,2849,C,131469298.0
C,9,ENSG00000160445,ZER1,2849,G,131515569.0
C,9,ENSG00000148308,GTF3C5,2849,G,135929871.0
T,X,ENSG00000183337,BCOR,2849,C,39933127.0
A,1,ENSG00000116273,PHF13,5037,G,6681648.0
A,1,ENSG00000058453,CROCC,5037,G,17298126.0
A,1,ENSG00000088280,ASAP3,5037,G,23768161.0
T,1,ENSG00000142949,PTPRF,5037,C,44010820.0
A,1,ENSG00000160741,CRTC2,5037,G,153923824.0
A,1,ENSG00000162889,MAPKAPK2,5037,G,206904548.0
T,1,ENSG00000196187,TMEM63A,5037,C,226065196.0
A,1,ENSG00000154358,OBSCN,5037,G,228548323.0
T,1,ENSG00000116984,MTR,5037,C,236966847.0
A,10,ENSG00000165733,BMS1,5037,G,43319197.0
A,10,ENSG00000138119,MYOF,5037,G,95107437.0
A,11,ENSG00000177595,PIDD,5037,G,802736.0
A,11,ENSG00000198730,CTR9,5037,G,10800527.0
A,11,ENSG00000166889,PATL1,5037,G,59425128.0
T,11,ENSG00000171219,CDC42BPG,5037,C,64606208.0
A,11,ENSG00000149823,VPS51,5037,G,64876154.0
A,11,ENSG00000175467,SART1,5037,G,65744137.0
T,11,ENSG00000175467,SART1,5037,C,65744148.0
T,11,ENSG00000137497,NUMA1,5037,C,71724311.0
T,11,ENSG00000166435,XRRA1,5037,C,74648032.0
A,12,ENSG00000111669,TPI1,5037,G,6979286.0
A,12,ENSG00000111676,ATN1,5037,G,7045430.0
A,12,ENSG00000110844;ENSG00000135436,FAM186B;PRPF40B,5037,C,49994554.0
T,12,ENSG00000172867,KRT2,5037,C,53045826.0
T,12,ENSG00000139613;ENSG00000258199,RP11-977G19.5;SMARCC2,5037,C,56575359.0
T,12,ENSG00000139645,ANKRD52,5037,C,56639332.0
T,12,ENSG00000127329,PTPRB,5037,C,71029663.0
A,12,ENSG00000122965,RBM19,5037,G,114386695.0
A,13,ENSG00000139496,NUPL1,5037,G,25914162.0
T,13,ENSG00000102763,VWA8,5037,C,42465596.0
T,14,ENSG00000100462;ENSG00000237054,PRMT5;PRMT5-AS1,5037,C,23392270.0
T,14,ENSG00000196497;ENSG00000259522,IPO4;RP11-468E2.2,5037,C,24649936.0
A,14,ENSG00000119685,TTLL5,5037,G,76211445.0
T,14,ENSG00000185567,AHNAK2,5037,G,105409472.0
A,15,ENSG00000171914;ENSG00000259756,RP11-625H11.2;TLN2,5037,G,62978964.0
T,15,ENSG00000074621,SLC24A1,5037,C,65916444.0
A,15,ENSG00000179361,ARID3B,5037,G,74883993.0
T,15,ENSG00000140521,POLG,5037,C,89876898.0
T,15,ENSG00000166813,KIF7,5037,C,90174859.0
T,16,ENSG00000008710,PKD1,5037,C,2168022.0
A,16,ENSG00000140992,PDPK1,5037,G,2647754.0
T,16,ENSG00000122386;ENSG00000263072,RP11-473M20.14;ZNF205,5037,C,3169859.0
A,16,ENSG00000099364,FBXL19,5037,G,30958242.0
A,16,ENSG00000140691,ARMC5,5037,G,31473863.0
A,16,ENSG00000166188,ZNF319,5037,G,58030594.0
T,16,ENSG00000196155,PLEKHG4,5037,C,67320966.0
T,17,ENSG00000167716;ENSG00000262791,RP11-961A15.1;WDR81,5037,C,1631432.0
A,17,ENSG00000185722,ANKFY1,5037,G,4145657.0
T,17,ENSG00000132382,MYBBP1A,5037,C,4452679.0
T,17,ENSG00000141027,NCOR1,5037,C,15967400.0
A,17,ENSG00000005884,ITGA3,5037,G,48154481.0
T,17,ENSG00000169727,GPS1,5037,C,80014743.0
A,17,ENSG00000169718,DUS1L,5037,G,80019852.0
T,18,ENSG00000152223,EPG5,5037,C,43467768.0
A,18,ENSG00000101493,ZNF516,5037,G,74154551.0
T,19,ENSG00000104885,DOT1L,5037,C,2211167.0
A,19,ENSG00000167671,UBXN6,5037,G,4446321.0
A,19,ENSG00000205744,DENND1C,5037,G,6467729.0
A,19,ENSG00000197808,ZNF461,5037,G,37130310.0
A,19,ENSG00000130402,ACTN4,5037,G,39207832.0
A,19,ENSG00000104825,NFKBIB,5037,G,39395977.0
T,19,ENSG00000105193,RPS16,5037,C,39923977.0
T,19,ENSG00000105204,DYRK1B,5037,C,40316446.0
T,19,ENSG00000187244,BCAM,5037,C,45321883.0
A,19,ENSG00000104946,TBC1D17,5037,G,50387760.0
T,19,ENSG00000160439;ENSG00000267149,CTC-550B14.6;RDH13,5037,C,55560086.0
T,19,ENSG00000171606,ZNF274,5037,C,58722990.0
A,2,ENSG00000116016,EPAS1,5037,G,46605134.0
A,2,ENSG00000138035,PNPT1,5037,G,55874502.0
T,2,ENSG00000204843,DCTN1,5037,C,74593375.0
A,2,ENSG00000153574,RPIA,5037,G,89036161.0
A,2,ENSG00000138386,NAB1,5037,G,191524446.0
A,2,ENSG00000144589,STK11IP,5037,G,220466097.0
T,2,ENSG00000115677,HDLBP,5037,C,242194833.0
T,20,ENSG00000132793,LPIN3,5037,C,39983354.0
A,20,ENSG00000130702,LAMA5,5037,G,60884474.0
A,20,ENSG00000130589,HELZ2,5037,G,62198556.0
T,21,ENSG00000160194,NDUFV3,5037,C,44324156.0
A,21,ENSG00000141959,PFKL,5037,G,45736166.0
T,21,ENSG00000160305,DIP2A,5037,C,47985684.0
A,21,ENSG00000160310,PRMT2,5037,G,48069616.0
T,22,ENSG00000183762,KREMEN1,5037,C,29533411.0
A,22,ENSG00000100345,MYH9,5037,G,36702506.0
A,22,ENSG00000198792,TMEM184B,5037,G,38643921.0
A,22,ENSG00000100387,RBX1,5037,G,41363846.0
T,22,ENSG00000100304,TTLL12,5037,C,43570300.0
T,22,ENSG00000100422,CERK,5037,C,47103851.0
T,3,ENSG00000132170,PPARG,5037,C,12475550.0
A,3,ENSG00000075914,EXOSC7,5037,G,45030654.0
T,3,ENSG00000181555,SETD2,5037,C,47164921.0
T,4,ENSG00000068078,FGFR3,5037,C,1803564.0
C,4,ENSG00000068078,FGFR3,5037,T,1806108.0
A,4,ENSG00000109685,WHSC1,5037,G,1902635.0
T,4,ENSG00000163625,WDFY3,5037,C,85752604.0
C,4,ENSG00000109339,MAPK10,5037,T,86938475.0
A,4,ENSG00000164142,FAM160A1,5037,G,152571489.0
T,5,ENSG00000171444,MCC,5037,C,112406879.0
T,5,ENSG00000043143,JADE2,5037,C,133914375.0
A,5,ENSG00000112852,PCDHB2,5037,G,140475987.0
T,5,ENSG00000081853;ENSG00000204956;ENSG00000253305;ENSG00000253485;ENSG00000253537;ENSG00000253731;ENSG00000253767;ENSG00000253846;ENSG00000253910;ENSG00000253953;ENSG00000254221;ENSG00000254245;ENSG00000261934;ENSG00000262209;ENSG00000262576,PCDHGA1;PCDHGA10;PCDHGA2;PCDHGA3;PCDHGA4;PCDHGA5;PCDHGA6;PCDHGA7;PCDHGA8;PCDHGA9;PCDHGB1;PCDHGB2;PCDHGB3;PCDHGB4;PCDHGB6,5037,C,140793418.0
A,5,ENSG00000155846,PPARGC1B,5037,G,149212430.0
T,5,ENSG00000165671,NSD1,5037,C,176665274.0
C,5,ENSG00000204628,GNB2L1,5037,T,180665122.0
T,6,ENSG00000204569,PPP1R10,5037,C,30569985.0
T,6,ENSG00000168394;ENSG00000240065,PSMB9;TAP1,5037,C,32818209.0
A,6,ENSG00000096433,ITPR3,5037,G,33632900.0
T,6,ENSG00000112624,GLTSCR1L,5037,C,42832765.0
T,6,ENSG00000124608;ENSG00000178233;ENSG00000272442,AARS2;RP11-444E17.6;TMEM151B,5037,C,44272410.0
A,6,ENSG00000049618,ARID1B,5037,T,157100323.0
A,6,ENSG00000112584,FAM120B,5037,G,170626789.0
C,7,ENSG00000164880,INTS1,5037,T,1517410.0
A,7,ENSG00000106263,EIF3B,5037,G,2411475.0
T,7,ENSG00000136240;ENSG00000164535;ENSG00000269781,DAGLB;FLJ20306;KDELR2,5037,G,6523634.0
A,7,ENSG00000106105,GARS,5037,G,30655643.0
A,7,ENSG00000146834,MEPCE,5037,G,100029074.0
T,7,ENSG00000169871,TRIM56,5037,C,100731221.0
A,7,ENSG00000197157,SND1,5037,G,127714722.0
T,7,ENSG00000182158,CREB3L2,5037,G,137686381.0
T,7,ENSG00000214102;ENSG00000228775,WEE2;WEE2-AS1,5037,C,141424950.0
A,7,ENSG00000196456,ZNF775,5037,G,150094203.0
A,8,ENSG00000085719;ENSG00000170289,CNGB3;CPNE3,5037,G,87568513.0
A,8,ENSG00000214814;ENSG00000253868,FER1L6;FER1L6-AS2,5037,G,125094666.0
A,8,ENSG00000178685;ENSG00000178719,GRINA;PARP10,5037,G,145066747.0
T,9,ENSG00000137124,ALDH1B1,5037,C,38396028.0
T,9,ENSG00000106771,TMEM245,5037,C,111795753.0
A,9,ENSG00000119401;ENSG00000148219,ASTN2;TRIM32,5037,G,119460338.0
T,9,ENSG00000148204,CRB2,5037,C,126139237.0
A,9,ENSG00000212864,RNF208,5037,G,140115331.0
G,9,ENSG00000198113,TOR4A,5037,T,140173644.0
T,9,ENSG00000188747,NOXA1,5037,C,140320737.0
T,X,ENSG00000165675,ENOX2,5037,C,129813701.0
T,1,ENSG00000134222,PSRC1,5338,C,109824459.0
T,12,ENSG00000139083,ETV6,5338,C,12038902.0
T,12,ENSG00000120800,UTP20,5338,G,101680154.0
T,12,ENSG00000135127,CCDC64,5338,C,120509471.0
A,15,ENSG00000140279,DUOX2,5338,G,45399615.0
G,17,ENSG00000141510,TP53,5338,A,7577129.0
T,19,ENSG00000074181,NOTCH3,5338,C,15300105.0
A,3,ENSG00000061938,TNK2,5338,C,195611829.0
C,6,ENSG00000204422;ENSG00000204427,ABHD16A;XXbac-BPG32J3.20,5338,T,31670959.0
A,9,ENSG00000136826,KLF4,5338,C,110250206.0
T,9,ENSG00000136930,PSMB7,5338,C,127115980.0
C,9,ENSG00000176248,ANAPC2,5338,A,140069560.0
C,1,ENSG00000222046,DCDC2B,0522,G,32674941.0
G,1,ENSG00000117481,NSUN4,0522,C,46812654.0
T,1,ENSG00000162775,RBM15,0522,C,110884095.0
A,10,ENSG00000165629,ATP5C1,0522,G,7841847.0
T,10,ENSG00000055950;ENSG00000095539;ENSG00000236662,MRPL43;RP11-108L7.4;SEMA4G,0522,C,102743682.0
G,11,ENSG00000048649,RSF1,0522,C,77411805.0
A,17,ENSG00000141510,TP53,0522,G,7577121.0
T,17,ENSG00000167280,ENGASE,0522,A,77078057.0
G,6,ENSG00000137393,RNF144B,0522,C,18399773.0
C,MT,ENSG00000198899,MT-ATP6,0522,T,8735.0
T,X,ENSG00000147050,KDM6A,0522,A,44820634.0
G,X,ENSG00000125676,THOC2,0522,C,122760465.0
A,X,ENSG00000085185,BCORL1,0522,G,129149854.0
G,1,ENSG00000188976,NOC2L,2131,C,881818.0
C,1,ENSG00000048707,VPS13D,2131,G,12331074.0
A,1,ENSG00000127481,UBR4,2131,G,19510361.0
G,1,ENSG00000127603,MACF1,2131,C,39920713.0
T,1,ENSG00000117000,RLF,2131,C,40703459.0
G,1,ENSG00000173846,PLK3,2131,C,45269888.0
T,1,ENSG00000122481;ENSG00000228852;ENSG00000271092,RP11-57H12.5;RWDD3;TMEM56-RWDD3,2131,C,95712141.0
G,1,ENSG00000116266,STXBP3,2131,C,109350073.0
A,1,ENSG00000052723,SIKE1,2131,G,115321771.0
T,1,ENSG00000143569,UBAP2L,2131,C,154223693.0
T,1,ENSG00000160803,UBQLN4,2131,C,156013938.0
A,1,ENSG00000132716;ENSG00000258465,DCAF8,2131,G,160209914.0
G,1,ENSG00000135870,RC3H1,2131,C,173921127.0
C,1,ENSG00000143324,XPR1,2131,G,180775631.0
C,1,ENSG00000163435;ENSG00000249007,ELF3;RP11-510N19.5,2131,G,201982329.0
C,1,ENSG00000163435;ENSG00000249007,ELF3;RP11-510N19.5,2131,G,201983019.0
C,1,ENSG00000163435;ENSG00000249007,ELF3;RP11-510N19.5,2131,G,201983063.0
C,1,ENSG00000163435;ENSG00000249007,ELF3;RP11-510N19.5,2131,G,201983150.0
T,10,ENSG00000108021;ENSG00000226647,FAM208B;RP11-336A10.2,2131,C,5781845.0
G,10,ENSG00000151461,UPF2,2131,C,12043768.0
T,10,ENSG00000065328,MCM10,2131,C,13224969.0
G,10,ENSG00000108094,CUL2,2131,C,35300876.0
A,10,ENSG00000138286;ENSG00000213551,DNAJC9;FAM149B1,2131,G,74994996.0
T,10,ENSG00000138182,KIF20B,2131,C,91522563.0
T,10,ENSG00000130640,TUBGCP2,2131,C,135111521.0
A,11,ENSG00000182272,B4GALNT4,2131,G,373250.0
G,11,ENSG00000177595,PIDD,2131,C,802700.0
T,11,ENSG00000148985,PGAP2,2131,C,3845558.0
A,11,ENSG00000110514,MADD,2131,G,47296451.0
A,11,ENSG00000149532;ENSG00000256591,CPSF7;RP11-286N22.8,2131,G,61196715.0
G,11,ENSG00000124942,AHNAK,2131,C,62298330.0
C,11,ENSG00000149823,VPS51,2131,T,64875128.0
T,11,ENSG00000149809,TM7SF2,2131,C,64880050.0
G,11,ENSG00000175315,CST6,2131,C,65780839.0
T,11,ENSG00000174996,KLC2,2131,C,66033194.0
T,11,ENSG00000110697,PITPNM1,2131,C,67269467.0
T,11,ENSG00000162337,LRP5,2131,G,68153942.0
A,11,ENSG00000137497;ENSG00000251143,NUMA1;RP11-849H4.4,2131,G,71727081.0
C,11,ENSG00000162129,CLPB,2131,G,72145285.0
T,11,ENSG00000137492,PRKRIR,2131,C,76063713.0
C,11,ENSG00000197263,OR8D2,2131,G,124189785.0
C,12,ENSG00000110799,VWF,2131,G,6103032.0
T,12,ENSG00000111276,CDKN1B,2131,C,12871233.0
T,12,ENSG00000187950;ENSG00000257599,OVCH1;OVCH1-AS1,2131,C,29598296.0
C,12,ENSG00000173157,ADAMTS20,2131,G,43833846.0
A,12,ENSG00000177119,ANO6,2131,C,45795597.0
G,12,ENSG00000174243,DDX23,2131,C,49231797.0
A,12,ENSG00000120800,UTP20,2131,G,101674091.0
T,12,ENSG00000186298,PPP1CC,2131,C,111180506.0
C,12,ENSG00000184445,KNTC1,2131,G,123093949.0
A,12,ENSG00000130787,HIP1R,2131,T,123342973.0
A,12,ENSG00000150990,DHX37,2131,G,125434748.0
C,13,ENSG00000121390,PSPC1,2131,T,20279905.0
G,13,ENSG00000121390,PSPC1,2131,C,20356720.0
C,13,ENSG00000186184,POLR1D,2131,G,28239911.0
A,13,ENSG00000132938,MTUS2,2131,G,29599973.0
G,13,ENSG00000172915,NBEA,2131,C,35733328.0
T,13,ENSG00000118922,KLF12,2131,C,74289613.0
G,14,ENSG00000100888,CHD8,2131,C,21896075.0
C,14,ENSG00000126777,KTN1,2131,G,56137474.0
A,14,ENSG00000119681,LTBP2,2131,G,75052608.0
T,14,ENSG00000100603;ENSG00000119705,SLIRP;SNW1,2131,C,78205360.0
C,14,ENSG00000100697,DICER1,2131,G,95593075.0
T,14,ENSG00000185567,AHNAK2,2131,G,105418794.0
G,14,ENSG00000185567,AHNAK2,2131,C,105418805.0
G,15,ENSG00000103994,ZNF106,2131,C,42740752.0
C,15,ENSG00000185634;ENSG00000235883;ENSG00000255302,AC012379.1;EID1;SHC4,2131,G,49170389.0
G,15,ENSG00000069956;ENSG00000166477,LEO1;MAPK6,2131,C,52258507.0
C,15,ENSG00000182718,ANXA2,2131,G,60678262.0
A,15,ENSG00000129003,VPS13C,2131,G,62234017.0
C,15,ENSG00000103657,HERC1,2131,G,63950749.0
G,15,ENSG00000137831,UACA,2131,C,70961057.0
C,15,ENSG00000169375,SIN3A,2131,G,75705305.0
C,15,ENSG00000173575,CHD2,2131,G,93489339.0
C,15,ENSG00000173575,CHD2,2131,G,93489374.0
T,16,ENSG00000153066,TXNDC11,2131,C,11785611.0
T,16,ENSG00000178952,TUFM,2131,C,28856763.0
T,16,ENSG00000102882,MAPK3,2131,C,30129719.0
G,16,ENSG00000156860,FBRS,2131,C,30671144.0
C,16,ENSG00000177200,CHD9,2131,G,53190118.0
G,17,ENSG00000172150,OR1A2,2131,C,3101090.0
G,17,ENSG00000174282,ZBTB4,2131,C,7369523.0
T,17,ENSG00000141510,TP53,2131,C,7577099.0
T,17,ENSG00000196712,NF1,2131,C,29559149.0
G,17,ENSG00000131242,RAB11FIP4,2131,C,29850604.0
T,17,ENSG00000005156,LIG3,2131,G,33329785.0
A,17,ENSG00000006125,AP2B1,2131,G,33977555.0
C,17,ENSG00000120071,KANSL1,2131,G,44117228.0
C,17,ENSG00000049283,EPN3,2131,G,48618908.0
G,17,ENSG00000184009,ACTG1,2131,C,79479015.0
T,18,ENSG00000170558,CDH2,2131,C,25565588.0
G,18,ENSG00000154832,CXXC1,2131,C,47810887.0
T,18,ENSG00000154832,CXXC1,2131,C,47810929.0
G,19,ENSG00000099821,POLRMT,2131,C,632885.0
G,19,ENSG00000064932,SBNO2,2131,C,1123578.0
T,19,ENSG00000181143,MUC16,2131,C,9087928.0
G,19,ENSG00000105011,ASF1B,2131,C,14236999.0
T,19,ENSG00000160117,ANKLE1,2131,C,17394448.0
A,19,ENSG00000130513,GDF15,2131,G,18499152.0
A,19,ENSG00000105717,PBX4,2131,G,19675841.0
A,19,ENSG00000257103,LSM14A,2131,G,34685529.0
A,19,ENSG00000089335,ZNF302,2131,G,35175213.0
A,19,ENSG00000075702,WDR62,2131,G,36582183.0
T,19,ENSG00000185869;ENSG00000251247,ZNF345;ZNF829,2131,C,37383356.0
C,19,ENSG00000099338,CATSPERG,2131,G,38834752.0
G,19,ENSG00000105202,FBL,2131,C,40331325.0
T,19,ENSG00000105404,RABAC1,2131,C,42463009.0
C,19,ENSG00000167378,IRGQ,2131,G,44099093.0
C,19,ENSG00000007047;ENSG00000104866,MARK4;PPP1R37,2131,G,45596638.0
G,19,ENSG00000179922,ZNF784,2131,C,56135815.0
T,2,ENSG00000171103,TRMT61B,2131,C,29092861.0
T,2,ENSG00000115808,STRN,2131,C,37085151.0
A,2,ENSG00000143924,EML4,2131,C,42488353.0
A,2,ENSG00000116062;ENSG00000138081,FBXO11;MSH6,2131,G,48023086.0
C,2,ENSG00000162928,PEX13,2131,G,61272906.0
T,2,ENSG00000075292,ZNF638,2131,C,71625855.0
C,2,ENSG00000135624,CCT7,2131,G,73471738.0
A,2,ENSG00000115423,DNAH6,2131,G,84924849.0
G,2,ENSG00000155438,NIFK,2131,C,122488546.0
T,2,ENSG00000136715,SAP130,2131,C,128700009.0
C,2,ENSG00000152082,MZT2B,2131,G,130948089.0
A,2,ENSG00000118260,CREB1,2131,G,208442371.0
C,2,ENSG00000081052,COL4A4,2131,G,227872744.0
T,2,ENSG00000153827,TRIP12,2131,C,230670575.0
G,20,ENSG00000125870,SNRPB2,2131,T,16721004.0
C,20,ENSG00000078699,CBFA2T2,2131,G,32224453.0
C,20,ENSG00000125991,ERGIC3,2131,G,34144782.0
A,20,ENSG00000088367,EPB41L1,2131,G,34773160.0
A,20,ENSG00000088367,EPB41L1,2131,G,34773223.0
T,20,ENSG00000080845,DLGAP4,2131,C,35128747.0
T,20,ENSG00000170471,RALGAPB,2131,C,37198564.0
T,20,ENSG00000124177,CHD6,2131,C,40084466.0
C,20,ENSG00000101138,CSTF1,2131,G,54972268.0
C,20,ENSG00000060491,OGFR,2131,G,61438908.0
A,20,ENSG00000101191,DIDO1,2131,G,61511922.0
T,21,ENSG00000160299,PCNT,2131,G,47845849.0
T,22,ENSG00000176177,ENTHD1,2131,C,40140124.0
G,22,ENSG00000239900,ADSL,2131,C,40754920.0
A,22,ENSG00000100359,SGSM3,2131,G,40800355.0
A,22,ENSG00000100403,ZC3H7B,2131,G,41742087.0
G,22,ENSG00000100266,PACSIN2,2131,C,43287133.0
G,22,ENSG00000100304,TTLL12,2131,C,43582901.0
G,3,ENSG00000163704;ENSG00000230082,PRRT3;PRRT3-AS1,2131,C,9990917.0
C,3,ENSG00000196639,HRH1,2131,G,11301758.0
T,3,ENSG00000214706,IFRD2,2131,C,50327392.0
T,3,ENSG00000169855,ROBO1,2131,C,78717362.0
G,3,ENSG00000114480,GBE1,2131,C,81548290.0
G,3,ENSG00000121578,B4GALT4,2131,C,118943041.0
G,3,ENSG00000144893;ENSG00000169313,MED12L;P2RY12,2131,C,151073792.0
A,3,ENSG00000114867;ENSG00000145191,EIF2B5;EIF4G1,2131,G,184049388.0
G,4,ENSG00000159733,ZFYVE28,2131,C,2274915.0
T,4,ENSG00000196526,AFAP1,2131,G,7844935.0
G,4,ENSG00000038219,BOD1L1,2131,C,13603852.0
G,4,ENSG00000109265,KIAA1211,2131,C,57182831.0
G,4,ENSG00000163625,WDFY3,2131,C,85600083.0
C,4,ENSG00000163629,PTPN13,2131,G,87622951.0
C,4,ENSG00000138778,CENPE,2131,G,104029980.0
G,4,ENSG00000168769,TET2,2131,C,106157480.0
T,4,ENSG00000109670,FBXW7,2131,C,153273699.0
C,4,ENSG00000109472,CPE,2131,G,166385598.0
A,5,ENSG00000153404,PLEKHG4B,2131,G,140462.0
T,5,ENSG00000164190,NIPBL,2131,C,36962356.0
G,5,ENSG00000171617,ENC1,2131,C,73931642.0
C,5,ENSG00000164620,RELL2,2131,G,141018394.0
A,5,ENSG00000175309;ENSG00000197451,HNRNPAB;PHYKPL,2131,G,177636410.0
C,5,ENSG00000146054,TRIM7,2131,G,180631636.0
T,6,ENSG00000135317,SNX14,2131,C,86223534.0
T,6,ENSG00000213079,SCAF8,2131,C,155129895.0
G,6,ENSG00000213079,SCAF8,2131,C,155129929.0
T,6,ENSG00000213079,SCAF8,2131,C,155143526.0
C,6,ENSG00000197081,IGF2R,2131,G,160455538.0
A,7,ENSG00000106263,EIF3B,2131,G,2394872.0
T,7,ENSG00000006715,VPS41,2131,C,38908761.0
C,7,ENSG00000105793,GTPBP10,2131,G,89982246.0
A,7,ENSG00000106278,PTPRZ1,2131,G,121698995.0
C,7,ENSG00000157741,UBN2,2131,G,138967953.0
G,7,ENSG00000164889,SLC4A2,2131,C,150767109.0
C,7,ENSG00000055609,KMT2C,2131,G,151884912.0
C,8,ENSG00000104723,TUSC3,2131,G,15519678.0
G,8,ENSG00000008988,RPS20,2131,C,56985812.0
G,8,ENSG00000164823,OSGIN2,2131,C,90937329.0
C,8,ENSG00000104356,POP1,2131,G,99170161.0
C,8,ENSG00000104356,POP1,2131,G,99170181.0
A,8,ENSG00000147642,SYBU,2131,C,110588134.0
C,8,ENSG00000131773,KHDRBS3,2131,G,136569700.0
G,9,ENSG00000107186,MPDZ,2131,C,13162729.0
G,9,ENSG00000120159,CAAP1,2131,C,26842490.0
C,9,ENSG00000086102,NFX1,2131,G,33294931.0
G,9,ENSG00000135046,ANXA1,2131,C,75784019.0
G,9,ENSG00000083223,ZCCHC6,2131,C,88968051.0
T,9,ENSG00000187764,SEMA4D,2131,C,92006319.0
C,9,ENSG00000148110,HIATL1,2131,G,97203352.0
A,9,ENSG00000196597,ZNF782,2131,G,99581068.0
A,9,ENSG00000136826,KLF4,2131,G,110250088.0
T,9,ENSG00000130707,ASS1,2131,G,133329706.0
T,X,ENSG00000130150,MOSPD2,2131,C,14929428.0
C,X,ENSG00000183337,BCOR,2131,G,39933481.0
G,X,ENSG00000068394,GPKOW,2131,C,48970564.0
G,X,ENSG00000198934,MAGEE1,2131,C,75648811.0
A,X,ENSG00000172465,TCEAL1,2131,G,102885220.0
C,X,ENSG00000102241,HTATSF1,2131,G,135584986.0
G,X,ENSG00000147400,CETN2,2131,C,151997197.0
A,1,ENSG00000065526,SPEN,2389,G,16264491.0
C,1,ENSG00000007968,E2F2,2389,G,23842913.0
G,1,ENSG00000117713,ARID1A,2389,C,27087558.0
G,1,ENSG00000163435;ENSG00000249007,ELF3;RP11-510N19.5,2389,C,201984408.0
T,1,ENSG00000143862,ARL8A,2389,C,202104641.0
C,10,ENSG00000130640;ENSG00000198546,TUBGCP2;ZNF511,2389,G,135122523.0
A,11,ENSG00000109919,MTCH2,2389,G,47660585.0
A,11,ENSG00000197136,PCNXL3,2389,G,65402798.0
T,11,ENSG00000110092,CCND1,2389,C,69456203.0
T,11,ENSG00000172893,DHCR7,2389,C,71146731.0
C,12,ENSG00000111581,NUP107,2389,G,69109461.0
G,15,ENSG00000157450,RNF111,2389,C,59323235.0
G,16,ENSG00000047578,KIAA0556,2389,C,27689269.0
G,16,ENSG00000090857,PDPR,2389,A,70154480.0
T,17,ENSG00000178307,TMEM11,2389,C,21101716.0
C,17,ENSG00000108592,FTSJ3,2389,G,61899471.0
T,17,ENSG00000035862;ENSG00000178404,DDC8;TIMP2,2389,C,76887255.0
T,19,ENSG00000161243;ENSG00000267992,CTB-189B5.3;FBXO27,2389,C,39521730.0
T,19,ENSG00000007047;ENSG00000104866,MARK4;PPP1R37,2389,C,45649200.0
C,2,ENSG00000198399,ITSN2,2389,G,24526690.0
G,2,ENSG00000196290,NIF3L1,2389,C,201756734.0
T,2,ENSG00000196290,NIF3L1,2389,C,201756946.0
T,20,ENSG00000125844,RRBP1,2389,C,17594862.0
A,20,ENSG00000026036;ENSG00000258366,RTEL1;RTEL1-TNFRSF6B,2389,G,62321504.0
C,3,ENSG00000144655,CSRNP1,2389,G,39186582.0
T,4,ENSG00000123933,MXD4,2389,C,2252326.0
T,6,ENSG00000204371,EHMT2,2389,C,31864706.0
G,6,ENSG00000024048,UBR2,2389,C,42656015.0
T,7,ENSG00000197093,GAL3ST4,2389,C,99764651.0
C,8,ENSG00000174226,SNX31,2389,G,101620768.0
A,1,ENSG00000127603,MACF1,6229,G,39853116.0
G,1,ENSG00000117859,OSBPL9,6229,A,52249688.0
A,1,ENSG00000163435;ENSG00000249007,ELF3;RP11-510N19.5,6229,C,201983060.0
C,17,ENSG00000141510,TP53,6229,G,7579313.0
C,17,ENSG00000126653,NSRP1,6229,A,28512589.0
T,3,ENSG00000173402,DAG1,6229,C,49568495.0
A,6,ENSG00000168242,HIST1H2BI,6229,G,26273292.0
T,7,ENSG00000106624,AEBP1,6229,C,44146238.0
G,8,ENSG00000147677;ENSG00000147679,EIF3H;UTP23,6229,C,117778987.0
C,1,ENSG00000011009,LYPLA2,0040,G,24120563.0
G,1,ENSG00000158006,PAFAH2,0040,C,26299152.0
G,1,ENSG00000162522,KIAA1522,0040,C,33237485.0
G,1,ENSG00000142949,PTPRF,0040,C,44019531.0
C,1,ENSG00000122483,CCDC18,0040,G,93704901.0
A,1,ENSG00000155363,MOV10,0040,G,113231652.0
A,1,ENSG00000143061,IGSF3,0040,C,117150678.0
T,1,ENSG00000143365,RORC,0040,G,151787793.0
A,1,ENSG00000160712,IL6R,0040,G,154437681.0
C,1,ENSG00000132692;ENSG00000229953,BCAN;RP11-284F21.7,0040,G,156617320.0
G,1,ENSG00000213085,CCDC19,0040,C,159858231.0
A,1,ENSG00000075391,RASAL2,0040,G,178425898.0
C,1,ENSG00000162909,CAPN2,0040,G,223934789.0
T,1,ENSG00000154358,OBSCN,0040,G,228473874.0
T,1,ENSG00000154358,OBSCN,0040,G,228503640.0
T,1,ENSG00000154429,CCSAP,0040,C,229478103.0
A,1,ENSG00000182118,FAM89A,0040,G,231175725.0
T,1,ENSG00000143674,MLK4,0040,C,233490602.0
G,1,ENSG00000153187,HNRNPU,0040,C,245022605.0
C,1,ENSG00000162852,CNST,0040,G,246810841.0
T,10,ENSG00000120549,KIAA1217,0040,C,24762223.0
G,10,ENSG00000197321,SVIL,0040,C,29788179.0
G,10,ENSG00000138336,TET1,0040,C,70446356.0
T,10,ENSG00000197746,PSAP,0040,C,73587898.0
A,10,ENSG00000165644,COMTD1,0040,C,76993926.0
G,10,ENSG00000171206,TRIM8,0040,C,104417104.0
C,10,ENSG00000171813,PWWP2B,0040,G,134218529.0
C,10,ENSG00000130640,TUBGCP2,0040,G,135097451.0
T,11,ENSG00000070047,PHRF1,0040,C,606459.0
A,11,ENSG00000134569,LRP4,0040,C,46917555.0
A,11,ENSG00000173153,ESRRA,0040,G,64083367.0
T,11,ENSG00000142186,SCYL1,0040,C,65299077.0
G,11,ENSG00000173465,SSSCA1,0040,C,65339114.0
G,11,ENSG00000175592,FOSL1,0040,C,65660698.0
T,11,ENSG00000173156,RHOD,0040,G,66824401.0
A,11,ENSG00000172932,ANKRD13D,0040,G,67068571.0
C,11,ENSG00000162337,LRP5,0040,G,68125315.0
A,11,ENSG00000162337,LRP5,0040,G,68179028.0
T,11,ENSG00000118181,RPS25,0040,C,118886601.0
T,11,ENSG00000109971,HSPA8,0040,C,122931926.0
G,12,ENSG00000111676,ATN1,0040,C,7046213.0
T,12,ENSG00000188906,LRRK2,0040,C,40689319.0
G,12,ENSG00000167566,NCKAP5L,0040,C,50188985.0
G,12,ENSG00000165891,E2F7,0040,C,77417920.0
T,12,ENSG00000179104,TMTC2,0040,G,83289787.0
T,12,ENSG00000179104,TMTC2,0040,G,83289788.0
A,13,ENSG00000102804,TSC22D1,0040,G,45149642.0
C,13,ENSG00000136167,LCP1,0040,G,46728942.0
G,14,ENSG00000165525,NEMF,0040,C,50295485.0
C,14,ENSG00000071246;ENSG00000259081,RP11-488C13.6;VASH1,0040,G,77244411.0
A,15,ENSG00000214013,GANC,0040,G,42614132.0
G,15,ENSG00000069956,MAPK6,0040,C,52339177.0
G,15,ENSG00000066933,MYO9A,0040,C,72252341.0
A,15,ENSG00000166825,ANPEP,0040,G,90349592.0
C,15,ENSG00000185033,SEMA4B,0040,G,90771807.0
C,16,ENSG00000090581,GNPTG,0040,G,1412697.0
A,16,ENSG00000103197,TSC2,0040,G,2129100.0
C,16,ENSG00000167978,SRRM2,0040,G,2819076.0
T,16,ENSG00000122386;ENSG00000263072,RP11-473M20.14;ZNF205,0040,C,3170244.0
C,16,ENSG00000033011;ENSG00000103174;ENSG00000267072,ALG1;NAGPA;RP11-165E7.1,0040,G,5083707.0
T,16,ENSG00000168434,COG7,0040,C,23404611.0
C,16,ENSG00000155666,KDM8,0040,G,27215423.0
G,16,ENSG00000177548,RABEP2,0040,C,28925559.0
T,16,ENSG00000103034,NDRG4,0040,C,58534968.0
G,16,ENSG00000102878,HSF4,0040,C,67201481.0
C,16,ENSG00000135740,SLC9A5,0040,G,67293793.0
A,16,ENSG00000213380;ENSG00000259900;ENSG00000260371,COG8;RP11-343C2.7;RP11-343C2.9,0040,G,69370515.0
A,16,ENSG00000198373,WWP2,0040,C,69967885.0
A,16,ENSG00000090857,PDPR,0040,G,70182405.0
G,16,ENSG00000197943,PLCG2,0040,C,81990434.0
A,16,ENSG00000131149,GSE1,0040,C,85682217.0
A,17,ENSG00000196689;ENSG00000262304,SHPK;TRPV1,0040,G,3491549.0
G,17,ENSG00000181885;ENSG00000262302,CLDN7;RP1-4G17.5,0040,C,7164202.0
C,17,ENSG00000161960;ENSG00000264772;ENSG00000265500,EIF4A1;SENP3-EIF4A1;SNORA67,0040,G,7481187.0
A,17,ENSG00000141510,TP53,0040,G,7577106.0
T,17,ENSG00000196712,NF1,0040,C,29576013.0
G,17,ENSG00000178502,KLHL11,0040,C,40011275.0
G,17,ENSG00000178502,KLHL11,0040,C,40011294.0
A,17,ENSG00000161664;ENSG00000267080,ASB16;ASB16-AS1,0040,G,42254596.0
C,17,ENSG00000136448,NMT1,0040,G,43175874.0
A,17,ENSG00000109062,SLC9A3R1,0040,G,72758180.0
G,17,ENSG00000161542,PRPSAP1,0040,T,74326691.0
A,17,ENSG00000108639,SYNGR2,0040,G,76167978.0
C,17,ENSG00000167900,TK1,0040,G,76171082.0
C,17,ENSG00000167280,ENGASE,0040,G,77078108.0
A,17,ENSG00000185359,HGS,0040,G,79667535.0
A,19,ENSG00000180448,HMHA1,0040,G,1077925.0
G,19,ENSG00000141873;ENSG00000267001,AC006538.4;SLC39A3,0040,C,2732894.0
T,19,ENSG00000127663,KDM4B,0040,A,5041171.0
C,19,ENSG00000183248,CTD-3193O13.9,0040,G,7937414.0
C,19,ENSG00000142449,FBN3,0040,G,8212322.0
A,19,ENSG00000267106,C19orf82,0040,G,9732275.0
T,19,ENSG00000104774;ENSG00000269590,CTD-2192J16.24;MAN2B1,0040,C,12777368.0
T,19,ENSG00000105127,AKAP8,0040,C,15465899.0
C,19,ENSG00000127527,EPS15L1,0040,G,16472772.0
T,19,ENSG00000130511,SSBP4,0040,C,18544383.0
A,19,ENSG00000005007,UPF1,0040,G,18966045.0
C,19,ENSG00000064607,SUGP2,0040,G,19115268.0
C,19,ENSG00000178904,DPY19L3,0040,G,32959672.0
G,19,ENSG00000166398;ENSG00000267219,AC010504.2;KIAA0355,0040,C,34842445.0
A,19,ENSG00000197808,ZNF461,0040,C,37147395.0
C,19,ENSG00000104824,HNRNPL,0040,G,39336358.0
A,19,ENSG00000187994;ENSG00000269050,CTC-360G5.6;RINL,0040,G,39360820.0
A,19,ENSG00000090372;ENSG00000269487,CTB-174O21.2;STRN4,0040,C,47231925.0
A,19,ENSG00000142230,SAE1,0040,G,47658372.0
A,19,ENSG00000142235,LMTK3,0040,C,49000657.0
T,19,ENSG00000142235,LMTK3,0040,C,49001328.0
A,19,ENSG00000104946,TBC1D17,0040,G,50391864.0
A,19,ENSG00000099326;ENSG00000267858,AC016629.8;MZF1,0040,C,59074000.0
T,2,ENSG00000143727,ACP1,0040,C,277077.0
A,2,ENSG00000084674,APOB,0040,C,21232534.0
G,2,ENSG00000115970;ENSG00000152518,THADA;ZFP36L2,0040,C,43451459.0
A,2,ENSG00000183733,FIGLA,0040,G,71017760.0
T,2,ENSG00000114993,RTKN,0040,C,74653512.0
T,2,ENSG00000071054,MAP4K4,0040,C,102314589.0
T,2,ENSG00000163166;ENSG00000231731,AC010976.2;IWS1,0040,C,128261012.0
G,2,ENSG00000076003,MCM6,0040,C,136630370.0
T,2,ENSG00000144357,UBR3,0040,C,170802810.0
G,2,ENSG00000173166,RAPH1,0040,C,204326107.0
T,2,ENSG00000168958,MFF,0040,G,228195395.0
A,20,ENSG00000177764;ENSG00000247315,AL034548.1;ZCCHC3,0040,G,278648.0
G,20,ENSG00000131067,GGT7,0040,C,33450728.0
T,20,ENSG00000124134,KCNS1,0040,C,43726700.0
T,20,ENSG00000100979,PLTP,0040,C,44533736.0
G,20,ENSG00000124214,STAU1,0040,C,47768130.0
C,20,ENSG00000149657,LSM14B,0040,G,60706557.0
C,22,ENSG00000100139,MICALL1,0040,G,38329065.0
C,3,ENSG00000114026;ENSG00000134072,CAMK1;OGG1,0040,G,9803397.0
A,3,ENSG00000114650,SCAP,0040,G,47455555.0
C,3,ENSG00000114650,SCAP,0040,G,47455675.0
C,3,ENSG00000163632;ENSG00000163634,C3orf49;THOC7,0040,G,63825350.0
A,3,ENSG00000163635,ATXN7,0040,G,63898332.0
A,3,ENSG00000163607;ENSG00000272844,GTPBP8;RP11-484K9.4,0040,G,112709949.0
A,3,ENSG00000179348,GATA2,0040,G,128199890.0
G,3,ENSG00000091513,TF,0040,A,133485188.0
C,3,ENSG00000163755,HPS3,0040,G,148847721.0
A,4,ENSG00000197386,HTT,0040,G,3174806.0
A,4,ENSG00000170871,KIAA0232,0040,T,6863767.0
A,4,ENSG00000109667,SLC2A9,0040,G,9998412.0
C,4,ENSG00000163694,RBM47,0040,G,40440799.0
T,5,ENSG00000164187,LMBRD2,0040,C,36117887.0
A,5,ENSG00000082068,WDR70,0040,G,37752631.0
C,5,ENSG00000152348;ENSG00000186468,ATG10;RPS23,0040,A,81572271.0
G,5,ENSG00000072364,AFF4,0040,C,132222013.0
T,5,ENSG00000204969;ENSG00000204970,PCDHA1;PCDHA2,0040,G,140174824.0
G,6,ENSG00000225921,NOL7,0040,C,13615600.0
G,6,ENSG00000124766,SOX4,0040,C,21596141.0
A,6,ENSG00000197459,HIST1H2BH,0040,G,26252058.0
G,6,ENSG00000235109,ZSCAN31,0040,C,28297355.0
A,6,ENSG00000151914,DST,0040,C,56417094.0
G,6,ENSG00000135525,MAP7,0040,C,136683592.0
C,7,ENSG00000164855,TMEM184A,0040,G,1586593.0
G,7,ENSG00000136237,RAPGEF5,0040,C,22197496.0
T,7,ENSG00000136235,GPNMB,0040,G,23292953.0
C,7,ENSG00000197008,ZNF138,0040,G,64292346.0
G,7,ENSG00000106211,HSPB1,0040,C,75932263.0
A,7,ENSG00000127955,GNAI1,0040,G,79764549.0
C,7,ENSG00000196367,TRRAP,0040,G,98528451.0
T,7,ENSG00000106290;ENSG00000221838,AP4M1;TAF6,0040,C,99707825.0
G,7,ENSG00000106299,WASL,0040,C,123332894.0
C,7,ENSG00000064419,TNPO3,0040,T,128610324.0
G,7,ENSG00000157764,BRAF,0040,C,140500217.0
T,7,ENSG00000055609,KMT2C,0040,C,151873771.0
G,8,ENSG00000120913,PDLIM2,0040,C,22442636.0
A,8,ENSG00000168615,ADAM9,0040,G,38879206.0
C,8,ENSG00000083168,KAT6A,0040,G,41834781.0
T,8,ENSG00000185697,MYBL1,0040,C,67488592.0
C,8,ENSG00000156509,FBXO43,0040,A,101153136.0
C,8,ENSG00000070756,PABPC1,0040,G,101721764.0
G,8,ENSG00000048392,RRM2B,0040,C,103237213.0
A,8,ENSG00000156831,NSMCE2,0040,G,126369496.0
G,8,ENSG00000153310,FAM49B,0040,C,130891638.0
G,8,ENSG00000104472,CHRAC1,0040,C,141521728.0
G,8,ENSG00000227184,EPPK1,0040,T,144946053.0
A,8,ENSG00000179526,SHARPIN,0040,G,145154492.0
T,8,ENSG00000160949,TONSL,0040,G,145660528.0
T,9,ENSG00000137074,APTX,0040,C,32984665.0
C,9,ENSG00000174038,C9orf131,0040,G,35045797.0
C,9,ENSG00000148090,AUH,0040,G,94124146.0
G,9,ENSG00000136925,TSTD2,0040,C,100364777.0
C,9,ENSG00000136824,SMC2,0040,G,106880654.0
C,9,ENSG00000148143,ZNF462,0040,G,109694547.0
T,9,ENSG00000148158,SNX30,0040,G,115580028.0
T,9,ENSG00000136895,GARNL3,0040,C,130106557.0
G,9,ENSG00000136908;ENSG00000227218,DPM2;RP11-203J24.8,0040,C,130698023.0
A,9,ENSG00000197694,SPTAN1,0040,G,131388921.0
T,9,ENSG00000197694,SPTAN1,0040,G,131388922.0
G,9,ENSG00000107331,ABCA2,0040,C,139911387.0
T,9,ENSG00000054179,ENTPD2,0040,C,139944785.0
A,9,ENSG00000176978,DPP7,0040,G,140008768.0
A,9,ENSG00000176101,SSNA1,0040,G,140083547.0
T,X,ENSG00000169084;ENSG00000214717,DHRSX;ZBED1,0040,A,2408088.0
G,X,ENSG00000147202,DIAPH2,0040,C,96212923.0
T,X,ENSG00000126947,ARMCX1,0040,G,100808106.0
A,X,ENSG00000102024,PLS3,0040,G,114856590.0
A,1,ENSG00000162408,NOL9,2937,G,6614178.0
T,1,ENSG00000214193,SH3D21,2937,C,36786276.0
T,1,ENSG00000152104,PTPN14,2937,C,214571293.0
A,10,ENSG00000067082,KLF6,2937,C,3827203.0
T,11,ENSG00000110436,SLC1A2,2937,C,35287214.0
A,11,ENSG00000149256,TENM4,2937,C,78369177.0
T,11,ENSG00000149418,ST14,2937,G,130064547.0
A,12,ENSG00000139083,ETV6,2937,G,12037492.0
A,12,ENSG00000123064,DDX54,2937,C,113610293.0
G,12,ENSG00000135111,TBX3,2937,C,115112433.0
G,12,ENSG00000111011,RSRC2,2937,C,123001828.0
T,12,ENSG00000185344,ATP6V0A2,2937,G,124228831.0
T,13,ENSG00000102780,DGKH,2937,G,42783131.0
G,13,ENSG00000102531,FNDC3A,2937,A,49771994.0
G,13,ENSG00000083520,DIS3,2937,C,73333954.0
T,14,ENSG00000119596,YLPM1,2937,G,75248544.0
T,14,ENSG00000197102,DYNC1H1,2937,G,102477161.0
A,14,ENSG00000156414,TDRD9,2937,G,104506621.0
T,16,ENSG00000179889,PDXDC1,2937,G,15128347.0
A,16,ENSG00000140859,KIFC3,2937,C,57803795.0
A,16,ENSG00000167522,ANKRD11,2937,C,89351370.0
A,17,ENSG00000183011,LSMD1,2937,C,7760554.0
C,17,ENSG00000131747,TOP2A,2937,T,38572725.0
A,17,ENSG00000173757,STAT5B,2937,C,40370182.0
T,17,ENSG00000092929,UNC13D,2937,G,73830474.0
G,18,ENSG00000101639,CEP192,2937,C,13038444.0
A,19,ENSG00000099308,MAST3,2937,G,18246628.0
A,19,ENSG00000128016,ZFP36,2937,G,39898791.0
T,19,ENSG00000169136;ENSG00000269179,ATF5;CTC-326K19.6,2937,G,50435836.0
T,19,ENSG00000169136;ENSG00000269179,ATF5;CTC-326K19.6,2937,G,50435837.0
T,2,ENSG00000171853,TRAPPC12,2937,G,3469383.0
G,2,ENSG00000115353,TACR1,2937,C,75347800.0
A,2,ENSG00000144029,MRPS5,2937,C,95774129.0
A,2,ENSG00000144029,MRPS5,2937,C,95774130.0
G,2,ENSG00000151690,MFSD6,2937,C,191301704.0
T,2,ENSG00000115896,PLCL1,2937,G,198669966.0
C,2,ENSG00000196290,NIF3L1,2937,G,201756971.0
A,2,ENSG00000173166,RAPH1,2937,C,204354353.0
A,2,ENSG00000118263,KLF7,2937,C,207988981.0
A,2,ENSG00000074582,BCS1L,2937,G,219527307.0
T,2,ENSG00000204120,GIGYF2,2937,G,233655442.0
T,2,ENSG00000204120,GIGYF2,2937,G,233655443.0
C,20,ENSG00000101126,ADNP,2937,G,49511003.0
A,20,ENSG00000026036;ENSG00000243509,RTEL1-TNFRSF6B;TNFRSF6B,2937,C,62328465.0
A,20,ENSG00000026036;ENSG00000243509,RTEL1-TNFRSF6B;TNFRSF6B,2937,C,62328466.0
T,22,ENSG00000099954,CECR2,2937,G,18022332.0
G,22,ENSG00000070413,DGCR2,2937,C,19055708.0
A,22,ENSG00000075275,CELSR1,2937,C,46807602.0
A,22,ENSG00000073169,SELO,2937,C,50655780.0
A,4,ENSG00000145375,SPATA5,2937,G,123868421.0
T,5,ENSG00000069020,MAST4,2937,G,66084566.0
G,5,ENSG00000164180,TMEM161B,2937,C,87494835.0
A,5,ENSG00000177733,HNRNPA0,2937,C,137089487.0
C,6,ENSG00000204469,PRRC2A,2937,G,31594943.0
C,6,ENSG00000047932;ENSG00000164465,DCBLD1;GOPC,2937,G,117803996.0
G,7,ENSG00000129103,SUMF2,2937,C,56136240.0
T,7,ENSG00000005483,KMT2E,2937,C,104719375.0
T,7,ENSG00000106144,CASP2,2937,G,143000889.0
A,8,ENSG00000129422,MTUS1,2937,C,17513472.0
A,8,ENSG00000008988,RPS20,2937,C,56986637.0
A,8,ENSG00000178209,PLEC,2937,C,144994514.0
A,9,ENSG00000188352,FOCAD,2937,G,20758181.0
C,9,ENSG00000136802,LRRC8A,2937,G,131670440.0
T,9,ENSG00000136827,TOR1A,2937,C,132576387.0
A,MT,ENSG00000198804,MT-CO1,2937,G,6276.0
T,X,ENSG00000197976,AKAP17A,2937,G,1719798.0
T,1,ENSG00000117713,ARID1A,6800,G,27094386.0
T,1,ENSG00000143373,ZNF687,6800,C,151260695.0
T,1,ENSG00000143569,UBAP2L,6800,C,154218748.0
C,1,ENSG00000183856,IQGAP3,6800,T,156526366.0
A,1,ENSG00000047410,TPR,6800,G,186303465.0
A,10,ENSG00000067057,PFKP,6800,G,3155624.0
G,10,ENSG00000122376;ENSG00000148672,FAM35A;GLUD1,6800,C,88854346.0
T,11,ENSG00000110717,NDUFS8,6800,G,67803788.0
A,12,ENSG00000123358,NR4A1,6800,G,52450308.0
A,13,ENSG00000139675,HNRNPA1L2,6800,G,53217295.0
T,14,ENSG00000100867,DHRS2,6800,C,24114381.0
T,14,ENSG00000119688;ENSG00000258559,ABCD4;AC005519.4,6800,C,74759012.0
G,15,ENSG00000129003,VPS13C,6800,A,62299614.0
A,15,ENSG00000169375,SIN3A,6800,G,75702543.0
C,16,ENSG00000166669,ATF7IP2,6800,G,10576065.0
A,16,ENSG00000166851,PLK1,6800,G,23691450.0
T,16,ENSG00000077238,IL4R,6800,C,27375048.0
A,17,ENSG00000160551,TAOK1,6800,C,27869955.0
A,17,ENSG00000132142,ACACA,6800,G,35581959.0
T,17,ENSG00000141736,ERBB2,6800,C,37864610.0
T,17,ENSG00000141736,ERBB2,6800,C,37868208.0
T,17,ENSG00000108604,SMARCD2,6800,C,61910341.0
A,17,ENSG00000125450,NUP85,6800,G,73221261.0
A,19,ENSG00000095066;ENSG00000171223,HOOK2;JUNB,6800,G,12903076.0
G,19,ENSG00000127507,EMR2,6800,A,14862332.0
A,19,ENSG00000198538;ENSG00000204604,ZNF28;ZNF468,6800,G,53344502.0
T,2,ENSG00000138078,PREPL,6800,C,44559681.0
A,2,ENSG00000136002,ARHGEF4,6800,G,131674688.0
A,2,ENSG00000138434,SSFA2,6800,G,182781095.0
G,22,ENSG00000128159,TUBGCP6,6800,C,50678781.0
A,3,ENSG00000168016,TRANK1,6800,G,36897380.0
A,3,ENSG00000168036,CTNNB1,6800,G,41266103.0
C,3,ENSG00000004534,RBM6,6800,G,50005481.0
T,4,ENSG00000125386,FAM193A,6800,C,2698141.0
A,4,ENSG00000138688,KIAA1109,6800,G,123113434.0
C,6,ENSG00000137414,FAM8A1,6800,G,17608554.0
C,6,ENSG00000112759,SLC29A1,6800,T,44200683.0
G,6,ENSG00000146414,SHPRH,6800,A,146276157.0
T,6,ENSG00000120262,CCDC170,6800,G,151936652.0
A,7,ENSG00000078967;ENSG00000214783,POLR2J4;UBE2D4,6800,G,43990287.0
C,7,ENSG00000165171,WBSCR27,6800,G,73249147.0
C,7,ENSG00000122783;ENSG00000146859,C7orf49;TMEM140,6800,T,134849293.0
T,8,ENSG00000070756,PABPC1,6800,C,101733742.0
A,9,ENSG00000137055,PLAA,6800,C,26907863.0
T,X,ENSG00000147202,DIAPH2,6800,C,96171543.0
C,1,ENSG00000117713,ARID1A,5122,G,27099981.0
T,1,ENSG00000126705,AHDC1,5122,C,27878316.0
T,1,ENSG00000143442,POGZ,5122,A,151378445.0
C,1,ENSG00000197915;ENSG00000237975,FLG-AS1;HRNR,5122,G,152187089.0
G,1,ENSG00000143748,NVL,5122,C,224495701.0
T,1,ENSG00000162946;ENSG00000270106,DISC1;TSNAX-DISC1,5122,C,231830325.0
T,10,ENSG00000151461,UPF2,5122,G,12071098.0
A,10,ENSG00000151150,ANK3,5122,C,61831222.0
A,10,ENSG00000156395,SORCS3,5122,C,106917013.0
A,11,ENSG00000149091,DGKZ,5122,C,46395772.0
G,11,ENSG00000149499,EML3,5122,C,62376467.0
T,11,ENSG00000173442,EHBP1L1,5122,A,65350694.0
G,11,ENSG00000086991,NOX4,5122,C,89070622.0
T,12,ENSG00000111203;ENSG00000111206,FOXM1;ITFG2,5122,G,2967909.0
A,12,ENSG00000167548,KMT2D,5122,G,49426544.0
A,12,ENSG00000127328,RAB3IP,5122,G,70194031.0
G,12,ENSG00000136051,KIAA1033,5122,C,105536913.0
C,12,ENSG00000076513;ENSG00000174456,ANKRD13A;C12orf76,5122,G,110471680.0
G,12,ENSG00000196510,ANAPC7,5122,A,110820657.0
C,13,ENSG00000032742,IFT88,5122,A,21179194.0
C,13,ENSG00000152520,PAN3,5122,G,28713206.0
A,13,ENSG00000150893,FREM2,5122,C,39262130.0
T,13,ENSG00000139687,RB1,5122,C,48941720.0
A,14,ENSG00000072121,ZFYVE26,5122,T,68256247.0
C,14,ENSG00000066739,ATG2B,5122,T,96752270.0
A,15,ENSG00000182175,RGMA,5122,G,93588731.0
G,16,ENSG00000149929;ENSG00000169592,HIRIP3;INO80E,5122,C,30006880.0
A,17,ENSG00000167842,MIS12,5122,G,5392573.0
G,17,ENSG00000141510,TP53,5122,C,7577538.0
T,17,ENSG00000170004,CHD3,5122,G,7803927.0
G,17,ENSG00000131747,TOP2A,5122,C,38555174.0
C,17,ENSG00000171345,KRT19,5122,T,39680711.0
A,17,ENSG00000131477,RAMP2,5122,C,40914738.0
C,17,ENSG00000136450,SRSF1,5122,G,56082892.0
A,17,ENSG00000167880,EVPL,5122,G,74006594.0
G,18,ENSG00000178127;ENSG00000265257;ENSG00000266053,NDUFV2;RP11-143J12.2;RP11-21J18.1,5122,C,9134198.0
G,18,ENSG00000141428,C18orf21,5122,A,33557523.0
G,19,ENSG00000167657,DAPK3,5122,C,3961014.0
C,19,ENSG00000196757;ENSG00000197054;ENSG00000267179;ENSG00000267274,CTD-2006C1.12;ZNF700;ZNF763,5122,G,12058348.0
T,19,ENSG00000105726,ATP13A1,5122,C,19767507.0
C,19,ENSG00000213973,ZNF99,5122,T,22939545.0
A,19,ENSG00000197372,ZNF675,5122,C,23836910.0
C,19,ENSG00000126254,RBM42,5122,T,36122088.0
T,19,ENSG00000267041,ZNF850,5122,C,37241281.0
A,19,ENSG00000042753,AP2S1,5122,C,47342032.0
A,2,ENSG00000115705,TPO,5122,C,1480976.0
A,2,ENSG00000186487,MYT1L,5122,C,1946817.0
T,2,ENSG00000243943;ENSG00000259080,RP11-158I13.2;ZNF512,5122,G,27824279.0
A,2,ENSG00000179915,NRXN1,5122,G,50850516.0
G,2,ENSG00000155657;ENSG00000237298,TTN;TTN-AS1,5122,T,179410141.0
G,2,ENSG00000115414,FN1,5122,T,216274312.0
G,2,ENSG00000115457,IGFBP2,5122,A,217525483.0
A,20,ENSG00000089063,TMEM230,5122,T,5081547.0
G,20,ENSG00000080839,RBL1,5122,T,35717394.0
A,20,ENSG00000101138,CSTF1,5122,G,54972805.0
C,22,ENSG00000243156,MICAL3,5122,T,18368751.0
G,22,ENSG00000100218;ENSG00000128266,GNAZ;RTDR1,5122,C,23465510.0
A,22,ENSG00000099995;ENSG00000187860,CCDC157;SF3A1,5122,G,30752750.0
C,22,ENSG00000100347,SAMM50,5122,G,44369181.0
T,3,ENSG00000076242,MLH1,5122,C,37067192.0
G,3,ENSG00000163946,FAM208A,5122,C,56675589.0
G,3,ENSG00000114487,MORC1,5122,C,108723734.0
A,3,ENSG00000163913,IFT122,5122,G,129218812.0
G,3,ENSG00000075420,FNDC3B,5122,A,172025163.0
C,5,ENSG00000056097,ZFR,5122,T,32407072.0
C,5,ENSG00000120733,KDM3B,5122,G,137759954.0
C,5,ENSG00000113205;ENSG00000272154,AC005754.7;PCDHB3,5122,T,140481234.0
T,5,ENSG00000187372,PCDHB13,5122,G,140594467.0
T,5,ENSG00000113712,CSNK1A1,5122,C,148885123.0
G,5,ENSG00000174705,SH3PXD2B,5122,C,171777368.0
C,5,ENSG00000169045,HNRNPH1,5122,A,179045289.0
T,6,ENSG00000204590,GNL1,5122,C,30523342.0
G,6,ENSG00000204580,DDR1,5122,C,30859180.0
T,6,ENSG00000131023,LATS1,5122,C,149982921.0
G,6,ENSG00000112584,FAM120B,5122,C,170626727.0
A,7,ENSG00000106263,EIF3B,5122,G,2411446.0
T,7,ENSG00000166508,MCM7,5122,C,99690740.0
C,7,ENSG00000146802,TMEM168,5122,T,112423974.0
C,7,ENSG00000128513,POT1,5122,A,124532372.0
T,7,ENSG00000055609,KMT2C,5122,C,151962200.0
T,8,ENSG00000253729,PRKDC,5122,C,48869955.0
C,8,ENSG00000176406,RIMS2,5122,G,104897723.0
G,8,ENSG00000164830,OXR1,5122,A,107691500.0
A,8,ENSG00000197858,GPAA1,5122,T,145138062.0
A,9,ENSG00000148120,C9orf3,5122,G,97522462.0
C,9,ENSG00000157657,ZNF618,5122,G,116810234.0
T,9,ENSG00000106976;ENSG00000148337,CIZ1;DNM1,5122,C,130965811.0
G,9,ENSG00000196642;ENSG00000272679,RABL6;RP11-216L13.18,5122,T,139723909.0
C,1,ENSG00000142676,RPL11,3529,G,24021225.0
T,1,ENSG00000134644,PUM1,3529,C,31532131.0
A,1,ENSG00000127603,MACF1,3529,G,39918000.0
G,1,ENSG00000132128,LRRC41,3529,C,46744861.0
T,1,ENSG00000162777,DENND2D,3529,C,111734764.0
G,1,ENSG00000143258,USP21,3529,C,161130990.0
A,1,ENSG00000143258,USP21,3529,C,161130999.0
A,10,ENSG00000169813,HNRNPF,3529,G,43882869.0
T,10,ENSG00000052749,RRP12,3529,C,99160214.0
A,11,ENSG00000135387,CAPRIN1,3529,C,34074071.0
T,11,ENSG00000172932,ANKRD13D,3529,C,67068867.0
T,11,ENSG00000132746,ALDH3B2,3529,G,67434050.0
T,12,ENSG00000174718,KIAA1551,3529,C,32138778.0
G,12,ENSG00000170442;ENSG00000205426,KRT81;KRT86,3529,A,52680155.0
A,12,ENSG00000139263,LRIG3,3529,G,59283854.0
G,14,ENSG00000100731,PCNX,3529,C,71543072.0
T,15,ENSG00000104093;ENSG00000259678,DMXL2;RP11-707P17.1,3529,C,51758490.0
A,15,ENSG00000140564,FURIN,3529,G,91424680.0
G,16,ENSG00000197302,ZNF720,3529,A,31766451.0
A,17,ENSG00000108278;ENSG00000141140,MYO19;ZNHIT3,3529,G,34852235.0
A,17,ENSG00000179294,C17orf96,3529,G,36830549.0
G,17,ENSG00000171401,KRT13,3529,C,39661721.0
A,17,ENSG00000141699,FAM134C,3529,G,40733863.0
G,17,ENSG00000004897,CDC27,3529,C,45219306.0
G,17,ENSG00000185359,HGS,3529,A,79668096.0
C,17,ENSG00000141568;ENSG00000141580,FOXK2;WDR45B,3529,G,80583301.0
T,19,ENSG00000104885,DOT1L,3529,C,2191099.0
C,19,ENSG00000037757;ENSG00000267633,CTB-5E10.3;MRI1,3529,G,13882941.0
T,19,ENSG00000160352,ZNF714,3529,C,21300974.0
T,19,ENSG00000105668,UPK1A,3529,G,36166772.0
T,19,ENSG00000104960;ENSG00000269352,AC018766.5;PTOV1,3529,C,50360975.0
T,19,ENSG00000104960;ENSG00000267896,AC018766.4;PTOV1,3529,C,50363307.0
T,19,ENSG00000104960;ENSG00000267896,AC018766.4;PTOV1,3529,C,50363326.0
T,19,ENSG00000039650,PNKP,3529,C,50364524.0
G,19,ENSG00000039650,PNKP,3529,C,50364549.0
T,19,ENSG00000198093;ENSG00000268095,CTC-429C10.2;ZNF649,3529,C,52395078.0
T,19,ENSG00000204519;ENSG00000269026,AC003006.7;ZNF551,3529,C,58198602.0
C,2,ENSG00000119203,CPSF3,3529,G,9599742.0
T,2,ENSG00000068697,LAPTM4A,3529,G,20237120.0
A,20,ENSG00000088876;ENSG00000256566,RP4-734P14.4;ZNF343,3529,G,2474522.0
G,22,ENSG00000218537;ENSG00000240972;ENSG00000251357,AP000350.10;AP000350.4;MIF,3529,C,24237356.0
C,3,ENSG00000125037,EMC3,3529,G,10018733.0
T,3,ENSG00000003756,RBM5,3529,C,50151452.0
C,3,ENSG00000003756,RBM5,3529,G,50153407.0
C,3,ENSG00000066422,ZBTB11,3529,T,101373557.0
A,3,ENSG00000198585,NUDT16,3529,G,131102278.0
A,3,ENSG00000118007,STAG1,3529,C,136059396.0
G,3,ENSG00000085276,MECOM,3529,T,169099048.0
T,3,ENSG00000122068,FYTTD1,3529,C,197476886.0
A,5,ENSG00000086200;ENSG00000186105,IPO11;LRRC70,3529,G,61876145.0
G,5,ENSG00000081842;ENSG00000204961;ENSG00000204962;ENSG00000204963;ENSG00000204965;ENSG00000204967;ENSG00000204969;ENSG00000204970;ENSG00000249158;ENSG00000250120;ENSG00000251664;ENSG00000255408,PCDHA1;PCDHA10;PCDHA11;PCDHA12;PCDHA2;PCDHA3;PCDHA4;PCDHA5;PCDHA6;PCDHA7;PCDHA8;PCDHA9,3529,C,140255742.0
T,5,ENSG00000120328,PCDHB12,3529,C,140588661.0
A,6,ENSG00000204371,EHMT2,3529,C,31857007.0
T,6,ENSG00000044090;ENSG00000137171,CUL7;KLC4,3529,C,43016218.0
A,6,ENSG00000085511,MAP3K4,3529,T,161470618.0
T,7,ENSG00000135218,CD36,3529,C,80285946.0
A,7,ENSG00000008277,ADAM22,3529,G,87564439.0
A,7,ENSG00000050327,ARHGEF5,3529,G,144060489.0
T,7,ENSG00000055609,KMT2C,3529,C,151845772.0
A,7,ENSG00000055609,KMT2C,3529,C,151845780.0
A,8,ENSG00000042832,TG,3529,G,133941410.0
C,9,ENSG00000147862,NFIB,3529,G,14120617.0
G,X,ENSG00000169891,REPS2,3529,T,16965045.0
C,X,ENSG00000182872,RBM10,3529,G,47039347.0
C,X,ENSG00000147133,TAF1,3529,G,70617246.0
A,1,ENSG00000067606,PRKCZ,1849,G,2106214.0
T,1,ENSG00000149527,PLCH2,1849,C,2435753.0
A,1,ENSG00000117616,C1orf63,1849,G,25573396.0
G,1,ENSG00000117713,ARID1A,1849,C,27059264.0
G,1,ENSG00000092853,CLSPN,1849,C,36216887.0
T,1,ENSG00000116871,MAP7D1,1849,C,36636740.0
A,1,ENSG00000077254,USP33,1849,G,78177526.0
A,1,ENSG00000183856,IQGAP3,1849,G,156506991.0
G,1,ENSG00000173110;ENSG00000273112,HSPA6;RP11-25K21.6,1849,C,161495333.0
G,1,ENSG00000143761,ARF1,1849,T,228285298.0
C,10,ENSG00000181192,DHTKD1,1849,G,12136221.0
A,11,ENSG00000188486,H2AFX,1849,G,118965713.0
A,12,ENSG00000167548,KMT2D,1849,G,49431549.0
A,12,ENSG00000092841;ENSG00000196465,MYL6;MYL6B,1849,G,56552480.0
A,13,ENSG00000102763,VWA8,1849,C,42245152.0
G,14,ENSG00000211448,DIO2,1849,C,80669062.0
T,14,ENSG00000165959,CLMN,1849,G,95679706.0
C,16,ENSG00000162062,C16orf59,1849,G,2514128.0
G,17,ENSG00000141510,TP53,1849,C,7577099.0
T,17,ENSG00000141510,TP53,1849,C,7578211.0
G,17,ENSG00000167543;ENSG00000264031,RP11-68I3.2;TP53I13,1849,C,27898672.0
T,17,ENSG00000141736,ERBB2,1849,C,37868208.0
A,17,ENSG00000177728,KIAA0195,1849,G,73487955.0
A,19,ENSG00000104886,PLEKHJ1,1849,G,2235876.0
T,19,ENSG00000105289,TJP3,1849,C,3739086.0
T,19,ENSG00000105321,CCDC9,1849,C,47764044.0
C,2,ENSG00000064012,CASP8,1849,G,202151316.0
A,20,ENSG00000125967;ENSG00000149609,C20orf144;NECAB3,1849,G,32251456.0
G,20,ENSG00000185513,L3MBTL1,1849,C,42158980.0
A,20,ENSG00000130706;ENSG00000226332,ADRM1;RP11-157P1.4,1849,G,60881358.0
T,21,ENSG00000186866,POFUT2,1849,C,46703353.0
A,22,ENSG00000100218;ENSG00000128266,GNAZ;RTDR1,1849,G,23437940.0
A,22,ENSG00000100425,BRD1,1849,G,50181079.0
A,3,ENSG00000145191;ENSG00000161204,ABCF3;EIF2B5,1849,G,183908957.0
A,4,ENSG00000013288,MAN2B2,1849,G,6600045.0
A,6,ENSG00000137203;ENSG00000229950,TFAP2A;TFAP2A-AS1,1849,G,10410454.0
G,6,ENSG00000204525,HLA-C,1849,T,31238261.0
A,6,ENSG00000096070,BRPF3,1849,G,36169357.0
G,8,ENSG00000147324,MFHAS1,1849,C,8750331.0
C,9,ENSG00000106976,DNM1,1849,G,130984548.0
C,9,ENSG00000136878,USP20,1849,G,132630536.0
T,9,ENSG00000182154,MRPL41,1849,C,140446942.0
A,X,ENSG00000133142,TCEAL4,1849,G,102841928.0
G,X,ENSG00000134590,FAM127A,1849,C,134166461.0
A,1,ENSG00000158006,PAFAH2,0471,G,26314776.0
T,1,ENSG00000126705,AHDC1,0471,C,27874227.0
T,1,ENSG00000132485,ZRANB2,0471,C,71542490.0
A,1,ENSG00000122406,RPL5,0471,G,93300417.0
C,1,ENSG00000156875;ENSG00000241073,HIAT1;RP4-714D9.2,0471,G,100547764.0
A,1,ENSG00000134248;ENSG00000224699,LAMTOR5;LAMTOR5-AS1,0471,G,110950253.0
A,1,ENSG00000155363;ENSG00000225075,MOV10;RP11-426L16.3,0471,G,113236655.0
C,1,ENSG00000152022;ENSG00000234222,LIX1L;RP11-315I20.1,0471,G,145487390.0
C,1,ENSG00000143437,ARNT,0471,G,150795690.0
T,1,ENSG00000082497,SERTAD4,0471,C,210415264.0
T,10,ENSG00000015171,ZMYND11,0471,C,294307.0
G,10,ENSG00000151240,DIP2C,0471,C,436786.0
T,10,ENSG00000198246,SLC29A3,0471,C,73121791.0
A,10,ENSG00000165832,TRUB1,0471,C,116698228.0
A,10,ENSG00000119965,C10orf88,0471,C,124713565.0
C,11,ENSG00000130598,TNNI2,0471,G,1862091.0
T,11,ENSG00000197136,PCNXL3,0471,C,65387122.0
T,11,ENSG00000197136,PCNXL3,0471,C,65387305.0
G,11,ENSG00000109971,HSPA8,0471,C,122930336.0
C,12,ENSG00000139178,C1RL,0471,G,7249574.0
T,12,ENSG00000110955,ATP5B,0471,C,57033037.0
G,12,ENSG00000130779,CLIP1,0471,C,122848556.0
T,12,ENSG00000196498,NCOR2,0471,C,124840091.0
T,12,ENSG00000177084,POLE,0471,C,133236065.0
T,13,ENSG00000005810,MYCBP2,0471,C,77625218.0
T,14,ENSG00000198604,BAZ1A,0471,C,35234301.0
T,14,ENSG00000100731,PCNX,0471,C,71413779.0
A,15,ENSG00000104067,TJP1,0471,G,30012668.0
G,15,ENSG00000166200,COPS2,0471,C,49426243.0
G,15,ENSG00000137845,ADAM10,0471,C,58913737.0
G,15,ENSG00000173575,CHD2,0471,C,93492266.0
A,16,ENSG00000162069,CCDC64B,0471,C,3078113.0
C,16,ENSG00000140836,ZFHX3,0471,G,72829987.0
A,16,ENSG00000168411,RFWD3,0471,G,74678518.0
T,16,ENSG00000050820,BCAR1,0471,C,75269596.0
A,17,ENSG00000074755,ZZEF1,0471,C,4046135.0
C,17,ENSG00000141736,ERBB2,0471,G,37865578.0
T,17,ENSG00000186185,KIF18B,0471,C,43010045.0
T,17,ENSG00000141279;ENSG00000263766,NPEPPS;RP11-580I16.2,0471,C,45695822.0
A,17,ENSG00000125445,MRPS7,0471,G,73258906.0
G,18,ENSG00000168502;ENSG00000265962,RP11-674N23.1;SOGA2,0471,C,8705786.0
A,18,ENSG00000152223,EPG5,0471,G,43523998.0
C,19,ENSG00000172270,BSG,0471,G,582535.0
C,19,ENSG00000079999,KEAP1,0471,G,10600019.0
C,19,ENSG00000197013,ZNF429,0471,G,21719636.0
T,19,ENSG00000167232,ZNF91,0471,C,23556553.0
T,19,ENSG00000063177,RPL18,0471,C,49120070.0
G,2,ENSG00000143878,RHOB,0471,A,20647309.0
T,2,ENSG00000138018;ENSG00000173567,EPT1;GPR113,0471,C,26569092.0
T,2,ENSG00000115970;ENSG00000152518,THADA;ZFP36L2,0471,C,43451931.0
A,2,ENSG00000087338,GMCL1,0471,G,70057133.0
C,2,ENSG00000087338,GMCL1,0471,G,70057223.0
C,20,ENSG00000124143,ARHGAP40,0471,G,37275617.0
G,20,ENSG00000124207,CSE1L,0471,C,47688970.0
T,20,ENSG00000101126,ADNP,0471,C,49508241.0
T,20,ENSG00000124164,VAPB,0471,G,57014003.0
T,22,ENSG00000183597,TANGO2,0471,C,20024362.0
A,22,ENSG00000100101;ENSG00000100106,NOL12;TRIOBP,0471,G,38165060.0
G,22,ENSG00000183864,TOB2,0471,C,41833035.0
A,22,ENSG00000159958,TNFRSF13C,0471,C,42321478.0
A,22,ENSG00000205560;ENSG00000254413,CHKB-CPT1B;CPT1B,0471,C,51011389.0
C,3,ENSG00000206549,PRSS50,0471,G,46757084.0
T,3,ENSG00000173473,SMARCC1,0471,C,47651787.0
T,3,ENSG00000114354,TFG,0471,C,100451391.0
A,3,ENSG00000118849,RARRES1,0471,G,158428659.0
A,3,ENSG00000121879,PIK3CA,0471,G,178936082.0
G,4,ENSG00000163625,WDFY3,0471,C,85704186.0
T,4,ENSG00000085871;ENSG00000196782,MAML3;MGST2,0471,G,140641078.0
T,4,ENSG00000085871;ENSG00000196782,MAML3;MGST2,0471,C,140641079.0
A,5,ENSG00000039123,SKIV2L2,0471,G,54701382.0
G,6,ENSG00000188987,HIST1H4D,0471,C,26189100.0
T,6,ENSG00000111880,RNGTT,0471,C,89554141.0
A,6,ENSG00000111885,MAN1A1,0471,C,119669960.0
C,7,ENSG00000136240;ENSG00000164535,DAGLB;KDELR2,0471,G,6502604.0
T,7,ENSG00000136279;ENSG00000164708;ENSG00000239775,AC017116.11;DBNL;PGAM2,0471,C,44105092.0
A,7,ENSG00000127914,AKAP9,0471,G,91712868.0
T,7,ENSG00000196584,XRCC2,0471,C,152357825.0
A,7,ENSG00000146909,NOM1,0471,G,156742609.0
C,8,ENSG00000172748,ZNF596,0471,G,195573.0
T,8,ENSG00000104341,LAPTM4B,0471,C,98788082.0
T,8,ENSG00000174226,SNX31,0471,C,101596344.0
A,8,ENSG00000167632,TRAPPC9,0471,G,141034103.0
T,9,ENSG00000107249,GLIS3,0471,C,3828280.0
T,9,ENSG00000106809;ENSG00000188312,CENPP;OGN,0471,G,95148546.0
T,9,ENSG00000119522,DENND1A,0471,C,126219666.0
A,9,ENSG00000167106,FAM102A,0471,G,130707930.0
C,9,ENSG00000167106,FAM102A,0471,G,130707978.0
T,X,ENSG00000126012,KDM5C,0471,C,53223533.0
T,X,ENSG00000101972,STAG2,0471,C,123182858.0
T,2,ENSG00000042445,RETSAT,1994,C,85570849.0
A,2,ENSG00000042445,RETSAT,1994,G,85570857.0
C,1,ENSG00000163435;ENSG00000249007,ELF3;RP11-510N19.5,2278,G,201981202.0
C,1,ENSG00000163435;ENSG00000249007,ELF3;RP11-510N19.5,2278,G,201981507.0
T,11,ENSG00000135373,EHF,2278,C,34670626.0
T,11,ENSG00000172890,NADSYN1,2278,C,71189490.0
A,17,ENSG00000108587,GOSR1,2278,G,28819710.0
T,X,ENSG00000120509,PDZD11,2278,C,69507614.0
A,X,ENSG00000120509,PDZD11,2278,C,69508331.0
A,15,ENSG00000138621,PPCDC,8728,G,75340964.0
T,1,ENSG00000083444,PLOD1,9517,G,11994897.0
A,1,ENSG00000188641,DPYD,9517,C,98058902.0
A,1,ENSG00000134186,PRPF38B,9517,G,109241355.0
C,1,ENSG00000116539,ASH1L,9517,T,155313227.0
T,1,ENSG00000143179;ENSG00000236364,RP11-525G13.2;UCK2,9517,C,165865561.0
T,1,ENSG00000179930,ZNF648,9517,A,182026746.0
C,1,ENSG00000116679,IVNS1ABP,9517,T,185277933.0
C,1,ENSG00000116991,SIPA1L2,9517,G,232619598.0
T,10,ENSG00000086475,SEPHS1,9517,G,13378246.0
T,11,ENSG00000166788,SAAL1,9517,C,18127537.0
A,11,ENSG00000175376,EIF1AD,9517,G,65767089.0
T,11,ENSG00000175229,GAL3ST3,9517,C,65810630.0
C,12,ENSG00000111261,MANSC1,9517,G,12483457.0
T,12,ENSG00000188991,SLC15A5,9517,C,16430562.0
C,12,ENSG00000061273;ENSG00000268069,AC004466.1;HDAC7,9517,G,48179210.0
A,12,ENSG00000167548,KMT2D,9517,G,49427111.0
C,12,ENSG00000102189,EEA1,9517,G,93244985.0
G,14,ENSG00000092201,SUPT16H,9517,C,21826091.0
T,14,ENSG00000072121,ZFYVE26,9517,C,68219141.0
G,14,ENSG00000089902,RCOR1,9517,C,103059342.0
G,15,ENSG00000047346,FAM214A,9517,C,52901913.0
A,15,ENSG00000117906,RCN2,9517,G,77240834.0
C,16,ENSG00000118900,UBN1,9517,G,4918862.0
A,16,ENSG00000118900,UBN1,9517,G,4920852.0
A,16,ENSG00000118900,UBN1,9517,G,4921205.0
C,16,ENSG00000188603;ENSG00000261832,CLN3,9517,G,28503046.0
G,16,ENSG00000103490;ENSG00000261359,C16orf98;PYCARD,9517,C,31213828.0
A,16,ENSG00000158545,ZC3H18,9517,G,88666277.0
G,17,ENSG00000141510,TP53,9517,C,7577077.0
T,17,ENSG00000141510,TP53,9517,C,7577085.0
T,17,ENSG00000108840,HDAC5,9517,C,42165870.0
A,17,ENSG00000068097,HEATR6,9517,C,58144891.0
T,17,ENSG00000196704,AMZ2,9517,C,66253018.0
A,17,ENSG00000073350,LLGL2,9517,G,73567843.0
C,17,ENSG00000073350,LLGL2,9517,G,73567858.0
T,18,ENSG00000134490;ENSG00000134508,CABLES1;TMEM241,9517,G,20815989.0
A,19,ENSG00000133243,BTBD2,9517,C,1993159.0
G,19,ENSG00000095066;ENSG00000171223,HOOK2;JUNB,9517,C,12903464.0
C,19,ENSG00000168813,ZNF507,9517,G,32873839.0
T,19,ENSG00000168813,ZNF507,9517,G,32873840.0
T,19,ENSG00000167625,ZNF526,9517,C,42729049.0
T,19,ENSG00000142534,RPS11,9517,G,50001216.0
A,19,ENSG00000126461,SCAF1,9517,G,50156731.0
T,2,ENSG00000018699,TTC27,9517,C,32859010.0
T,2,ENSG00000116035,VAX2,9517,C,71160168.0
T,2,ENSG00000144028,SNRNP200,9517,C,96945272.0
A,2,ENSG00000144357,UBR3,9517,G,170938238.0
G,2,ENSG00000138430,OLA1,9517,C,175006584.0
T,2,ENSG00000155657;ENSG00000237298;ENSG00000270574,RP11-171I2.2;TTN;TTN-AS1,9517,C,179444888.0
G,20,ENSG00000215305,VPS16,9517,C,2841150.0
C,20,ENSG00000101337,TM9SF4,9517,G,30749098.0
C,20,ENSG00000101199,ARFGAP1,9517,G,61912648.0
A,22,ENSG00000186716,BCR,9517,C,23603578.0
A,22,ENSG00000099956,SMARCB1,9517,G,24145531.0
G,3,ENSG00000114841,DNAH1,9517,C,52396512.0
G,3,ENSG00000182504,CEP97,9517,C,101484085.0
A,3,ENSG00000114547,ROPN1B,9517,G,125701224.0
A,3,ENSG00000163870,TPRA1,9517,G,127292500.0
A,3,ENSG00000121879,PIK3CA,9517,G,178936091.0
G,4,ENSG00000068078,FGFR3,9517,C,1803568.0
A,4,ENSG00000164070,HSPA4L,9517,G,128751796.0
A,4,ENSG00000164164,OTUD4,9517,C,146092838.0
C,4,ENSG00000170365,SMAD1,9517,G,146467878.0
T,5,ENSG00000073578,SDHA,9517,G,251135.0
A,5,ENSG00000164190,NIPBL,9517,G,37059116.0
A,5,ENSG00000131732,ZCCHC9,9517,G,80600648.0
A,5,ENSG00000113368,LMNB1,9517,G,126113469.0
T,5,ENSG00000081853;ENSG00000204956,PCDHGA1;PCDHGA2,9517,G,140720885.0
G,5,ENSG00000081791,KIAA0141,9517,C,141313950.0
G,5,ENSG00000169247,SH3TC2,9517,T,148406349.0
T,6,ENSG00000124782,RREB1,9517,G,7230565.0
G,6,ENSG00000124693,HIST1H3B,9517,C,26032069.0
A,6,ENSG00000204351,SKIV2L,9517,G,31933731.0
C,6,ENSG00000170927,PKHD1,9517,G,51924789.0
C,6,ENSG00000009413,REV3L,9517,G,111695680.0
A,6,ENSG00000171408;ENSG00000237596,PDE7B;RP13-143G15.4,9517,G,136512946.0
T,7,ENSG00000055609,KMT2C,9517,C,151864266.0
A,7,ENSG00000055609,KMT2C,9517,C,151864386.0
T,8,ENSG00000104228,TRIM35,9517,C,27168491.0
G,8,ENSG00000012232,EXTL3,9517,C,28574631.0
T,9,ENSG00000147852,VLDLR,9517,A,2652873.0
T,9,ENSG00000048828,FAM120A,9517,C,96278509.0
C,X,ENSG00000181544,FANCB,9517,G,14863157.0
T,X,ENSG00000147123,NDUFB11,9517,C,47004020.0
A,X,ENSG00000198932;ENSG00000270050;ENSG00000271147,GPRASP1;RP4-769N13.6;RP4-769N13.7,9517,G,101911711.0
C,1,ENSG00000175793,SFN,1249,G,27189950.0
A,10,ENSG00000107863,ARHGAP21,1249,C,24874730.0
G,14,ENSG00000072110,ACTN1,1249,C,69346684.0
C,16,ENSG00000162032;ENSG00000197774,EME2;SPSB3,1249,G,1827767.0
C,2,ENSG00000153827,TRIP12,1249,G,230724003.0
C,6,ENSG00000112245,PTP4A1,1249,G,64288841.0
A,7,ENSG00000075624,ACTB,1249,G,5569207.0
A,X,ENSG00000147274,RBMX,1249,C,135958730.0
