patient_id,hla_alleles
0040,A*02:01;A*32:01;B*53:01;B*18:01;C*07:01;C*04:01
0471,A*02:01;A*68:01;B*35:03;B*51:01;C*14:02;C*04:01
0522,A*24:02;A*30:01;B*57:01;B*52:01;C*12:02;C*06:02
0979,
1233,A*26:01;A*11:01;B*35:01;B*27:05;C*07:02;C*02:02
1249,A*03:01;A*68:01;B*35:01;B*44:02;C*05:01;C*04:01
1849,A*11:01;A*01:01;B*50:01;B*35:25;C*04:01;C*06:02
1994,A*03:01;A*03:01;B*07:02;B*07:02;C*07:02;C*07:02
2131,A*02:01;A*02:01;B*27:02;B*08:01;C*07:01;C*02:02
2278,A*24:02;A*02:01;B*27:02;B*14:02;C*08:02;C*02:02
2389,A*24:02;A*01:01;B*38:01;B*40:01;C*12:03;C*03:04
2849,A*02:01;A*03:01;B*07:02;B*27:05;C*07:02;C*01:02
2937,A*32:01;A*23:01;B*35:03;B*18:01;C*12:03;C*04:01
3529,A*24:02;A*02:05;B*50:02;B*50:01;C*06:02;C*06:02
4072,A*02:01;A*01:01;B*51:01;B*51:01;C*14:02;C*02:02
5037,A*26:01;A*02:02;B*38:01;B*40:02;C*12:03;C*02:02
5122,A*24:02;A*32:01;B*55:01;B*38:01;C*12:03;C*03:03
5338,A*24:02;A*02:01;B*40:02;B*40:01;C*03:04;C*02:02
6229,A*32:01;A*30:01;B*35:02;B*13:02;C*06:02;C*04:01
6428,A*26:01;A*66:01;B*41:02;B*27:05;C*17:01;C*02:02
6800,A*69:01;A*03:01;B*35:01;B*14:02;C*04:01;C*08:02
7577,A*02:01;A*01:01;B*49:01;B*51:01;C*07:01;C*02:02
7592,
7729,A*01:01;A*03:01;B*08:01;B*13:02;C*07:01;C*06:02
8214,
8728,A*29:02;A*29:02;B*44:03;B*51:01;C*16:01;C*15:02
9517,A*01:01;A*03:01;B*35:01;B*38:01;C*12:03;C*04:01
9723,A*24:02;A*01:01;B*07:02;B*08:01;C*07:02;C*07:01
9881,A*24:02;A*02:01;B*07:02;B*15:01;C*03:03;C*07:02
